"ID","Area","ZCTA5CE00","CLASSFP00","MTFCC00","FUNCSTAT00","Group.1","ideal_point","ideal_point_se"
1,0.181577,"40965","B5","G6350","S",40965,-0.077265,0.648779
2,0.155069,"40867","B5","G6350","S",,,
3,0.042303,"40828","B5","G6350","S",40828,0.101046,0.563421
4,0.049931,"40843","B5","G6350","S",,,
5,0.099594,"40927","B5","G6350","S",40927,-0.075865,0.953109
6,0.116702,"40820","B5","G6350","S",,,
7,0.085951,"40855","B5","G6350","S",40855,-0.426862,0.693832
8,0.027680,"408XX","B5","G6350","S",,,
9,0.016342,"40815","B5","G6350","S",40815,-0.171098,0.654060
10,0.163788,"40826","B5","G6350","S",40826,-0.413234,0.785679
11,0.033414,"41537","B5","G6350","S",41537,-0.583863,0.561021
12,0.000026,"41837","B5","G6350","S",41837,1.726944,0.463272
13,0.027031,"41548","B5","G6350","S",41548,-1.114494,0.615710
14,0.026400,"41522","B5","G6350","S",41522,0.166559,0.564937
15,0.001799,"41568","B5","G6350","S",,,
16,0.047300,"41563","B5","G6350","S",,,
17,0.015898,"41566","B5","G6350","S",41566,0.278854,0.391179
18,0.000852,"41547","B5","G6350","S",,,
19,0.045224,"41553","B5","G6350","S",41553,0.360356,0.596338
20,0.130953,"26838","B5","G6350","S",,,
21,0.064446,"26836","B5","G6350","S",26836,-0.192328,0.768494
22,0.115274,"26851","B5","G6350","S",26851,-0.123475,0.514959
23,0.067562,"26812","B5","G6350","S",26812,-0.279289,0.585576
24,0.055590,"25434","B5","G6350","S",25434,-1.297585,0.687664
25,0.016093,"25411","B5","G6350","S",25411,0.288567,0.621337
26,0.000000,"25427","B5","G6350","S",25427,0.447262,0.583358
27,0.002535,"26807","B5","G6350","S",26807,1.230254,0.593360
28,0.107400,"26815","B5","G6350","S",,,
29,0.045249,"26804","B5","G6350","S",26804,0.586942,0.569931
30,0.102030,"26802","B5","G6350","S",,,
31,0.034224,"25608","B5","G6350","S",25608,0.075263,0.578376
32,0.002038,"25421","B5","G6350","S",,,
33,0.012994,"25413","B5","G6350","S",25413,0.328015,0.654666
34,0.001413,"25420","B5","G6350","S",25420,-0.337520,0.468411
35,0.346050,"24986","B5","G6350","S",24986,-0.526784,0.742535
36,0.003382,"249XX","B5","G6350","S",,,
37,0.191544,"25425","B5","G6350","S",25425,-0.559055,0.678138
38,0.000774,"25430","B5","G6350","S",25430,-0.400671,0.667046
39,0.000108,"254HH","B5","G6350","S",,,
40,0.001954,"25441","B5","G6350","S",,,
41,0.006206,"25414","B5","G6350","S",25414,-0.046663,0.598039
42,0.004438,"25446","B5","G6350","S",,,
43,0.213843,"24954","B5","G6350","S",24954,0.272669,0.563617
44,0.034041,"24934","B5","G6350","S",24934,0.056532,0.757352
45,0.197745,"24920","B5","G6350","S",,,
46,0.093086,"24944","B5","G6350","S",24944,2.137293,0.603586
47,0.012985,"24951","B5","G6350","S",,,
48,0.044713,"24941","B5","G6350","S",24941,0.689848,0.926684
49,0.023662,"24983","B5","G6350","S",24983,1.318122,0.640735
50,0.059630,"24984","B5","G6350","S",,,
51,0.047183,"26817","B5","G6350","S",26817,2.040625,0.475319
52,0.077450,"26808","B5","G6350","S",,,
53,0.011512,"26711","B5","G6350","S",26711,0.067102,1.050457
54,0.015977,"24701","B5","G6350","S",24701,0.645743,0.637746
55,0.000982,"24715","B5","G6350","S",24715,-0.813456,0.665834
56,0.017408,"24740","B5","G6350","S",24740,0.004060,0.679532
57,0.060061,"24871","B5","G6350","S",,,
58,0.068745,"24873","B5","G6350","S",24873,-0.232684,0.417060
59,0.057864,"24884","B5","G6350","S",,,
60,0.156236,"24815","B5","G6350","S",,,
61,0.094516,"24848","B5","G6350","S",,,
62,0.170364,"24862","B5","G6350","S",,,
63,0.072185,"24850","B5","G6350","S",24850,-0.096217,0.914261
64,0.053759,"24872","B5","G6350","S",24872,0.380834,0.492995
65,0.068148,"24892","B5","G6350","S",24892,-0.125221,1.102703
66,0.000331,"259HH","B5","G6350","S",,,
67,0.052788,"24963","B5","G6350","S",24963,0.070899,0.581926
68,0.056700,"256HH","B5","G6350","S",,,
69,46.335018,"24179","B5","G6350","S",24179,0.371909,0.613265
70,77.966682,"24104","B5","G6350","S",24104,1.247276,0.748714
71,31.054604,"24502","B5","G6350","S",24502,0.560281,0.640251
72,3.760647,"24536","B5","G6350","S",24536,-1.430889,0.924931
73,39.355621,"24556","B5","G6350","S",24556,0.198269,0.549036
74,37.442760,"24503","B5","G6350","S",24503,0.389590,0.676411
75,57.552650,"24101","B5","G6350","S",24101,-0.014887,0.667762
76,31.136303,"24139","B5","G6350","S",,,
77,34.410210,"24122","B5","G6350","S",24122,0.751721,0.515813
78,74.581741,"24526","B5","G6350","S",24526,1.430739,0.857715
79,211.045853,"24523","B5","G6350","S",24523,-0.111455,0.666099
80,65.899475,"24550","B5","G6350","S",24550,0.443214,0.501745
81,22.736305,"23963","B5","G6350","S",23963,-0.678881,0.794983
82,79.150467,"24538","B5","G6350","S",24538,1.274628,0.758947
83,128.027008,"24554","B5","G6350","S",24554,1.498080,0.593905
84,73.734299,"24588","B5","G6350","S",24588,0.101267,0.746860
85,32.897339,"24504","B5","G6350","S",24504,0.070921,0.697263
86,37.165993,"24501","B5","G6350","S",24501,-0.022911,0.629520
87,36.522430,"24517","B5","G6350","S",24517,1.093207,0.714849
88,96.913162,"24528","B5","G6350","S",24528,0.117204,0.873236
89,34.892517,"24569","B5","G6350","S",24569,-0.156017,1.277698
90,64.641479,"24483","B5","G6350","S",,,
91,82.071449,"24572","B5","G6350","S",24572,0.204092,0.690148
92,55.608253,"22922","B5","G6350","S",22922,2.118191,0.445507
93,129.180176,"24574","B5","G6350","S",24574,1.304213,0.711569
94,112.614090,"24553","B5","G6350","S",24553,0.648779,0.809750
95,1.241533,"24595","B5","G6350","S",,,
96,3.858207,"24533","B5","G6350","S",,,
97,221.793961,"24521","B5","G6350","S",24521,-0.255406,0.621136
98,18.739248,"245HH","B5","G6350","S",,,
99,72.183365,"22967","B5","G6350","S",22967,-0.154818,1.007555
100,24.158554,"24072","B5","G6350","S",24072,-0.805470,0.443318
101,38.271385,"24079","B5","G6350","S",24079,1.018016,0.593991
102,55.959518,"24149","B5","G6350","S",24149,0.146638,0.580222
103,171.091843,"24091","B5","G6350","S",24091,-0.270815,0.720686
104,32.732300,"24138","B5","G6350","S",24138,0.151029,0.721752
105,61.079052,"24141","B5","G6350","S",24141,0.174772,0.656241
106,27.326752,"24292","B5","G6350","S",24292,-1.251463,0.729394
107,74.126251,"24363","B5","G6350","S",24363,-0.658347,0.579388
108,108.980957,"24348","B5","G6350","S",24348,0.166683,0.639566
109,77.786995,"24378","B5","G6350","S",,,
110,56.274536,"24326","B5","G6350","S",24326,-0.512263,0.762738
111,183.716965,"234HH","B5","G6350","S",,,
112,7.152500,"23395","B5","G6350","S",23395,0.621539,0.397369
113,47.119560,"23417","B5","G6350","S",23417,0.411550,0.670715
114,10.874496,"23409","B5","G6350","S",23409,-0.305564,0.497127
115,2.682384,"23389","B5","G6350","S",23389,-1.090567,0.936949
116,0.124469,"23302","B5","G6350","S",,,
117,3.009483,"23426","B5","G6350","S",23426,1.559779,0.491565
118,4.828481,"23480","B5","G6350","S",,,
119,5.856872,"23358","B5","G6350","S",23358,-1.437346,0.949418
120,0.187888,"23441","B5","G6350","S",23441,1.708965,0.459078
121,34.163891,"23423","B5","G6350","S",,,
122,37.192940,"23308","B5","G6350","S",23308,0.952966,0.468119
123,11.560478,"23306","B5","G6350","S",,,
124,3.991292,"23404","B5","G6350","S",23404,-1.915432,0.543156
125,31.095314,"23421","B5","G6350","S",23421,0.717507,0.515291
126,30.623199,"23442","B5","G6350","S",23442,-1.736506,0.679010
127,6.050830,"23418","B5","G6350","S",23418,-1.888487,0.525389
128,7.606560,"23488","B5","G6350","S",,,
129,2.720510,"23401","B5","G6350","S",23401,0.015428,0.500703
130,27.800623,"23301","B5","G6350","S",,,
131,73.609497,"24589","B5","G6350","S",24589,-0.246045,0.446850
132,93.652061,"24520","B5","G6350","S",24520,-0.584059,0.445612
133,161.428619,"24557","B5","G6350","S",24557,0.554848,0.624515
134,90.148506,"24558","B5","G6350","S",24558,-0.179089,0.709108
135,73.798164,"24598","B5","G6350","S",24598,0.450786,0.785858
136,136.714264,"24592","B5","G6350","S",24592,0.233798,0.696591
137,6.171366,"24539","B5","G6350","S",24539,1.213752,0.780344
138,50.735836,"24597","B5","G6350","S",24597,-0.827911,0.915475
139,58.579353,"24565","B5","G6350","S",,,
140,74.491646,"24534","B5","G6350","S",24534,-0.486724,0.714044
141,48.205494,"24594","B5","G6350","S",24594,-0.319709,0.589908
142,189.694290,"24577","B5","G6350","S",24577,0.245522,0.649662
143,74.024307,"23192","B5","G6350","S",23192,0.661533,0.641942
144,33.468624,"23146","B5","G6350","S",23146,1.028406,0.724329
145,43.119820,"23047","B5","G6350","S",23047,0.810468,0.700550
146,58.838486,"23116","B5","G6350","S",23116,0.442139,0.587081
147,86.591751,"23015","B5","G6350","S",23015,-0.121968,0.387580
148,74.952103,"23111","B5","G6350","S",23111,0.290342,0.632511
149,28.616430,"23102","B5","G6350","S",23102,0.847921,0.635371
150,65.640488,"23124","B5","G6350","S",23124,0.348019,1.078540
151,43.444824,"23059","B5","G6350","S",23059,0.397589,0.553376
152,154.038818,"22546","B5","G6350","S",22546,0.144372,0.643429
153,72.501602,"23005","B5","G6350","S",23005,0.260551,0.679773
154,64.595184,"23069","B5","G6350","S",23069,1.922242,0.588739
155,108.854889,"23024","B5","G6350","S",23024,0.147345,0.557784
156,3.881278,"23416","B5","G6350","S",23416,-0.163459,0.497698
157,36.559502,"23415","B5","G6350","S",23415,0.930978,0.601222
158,22.492540,"23336","B5","G6350","S",23336,0.344887,0.760504
159,2.266674,"23303","B5","G6350","S",23303,1.184698,0.509466
160,3.090090,"23407","B5","G6350","S",23407,-0.648326,1.311100
161,37.248409,"23420","B5","G6350","S",23420,-2.058614,0.452299
162,3.965450,"23356","B5","G6350","S",23356,2.185901,0.434405
163,172.571014,"233HH","B5","G6350","S",,,
164,10.636123,"23359","B5","G6350","S",23359,-1.586164,0.580508
165,2.939964,"23440","B5","G6350","S",,,
166,5.790524,"23357","B5","G6350","S",,,
167,31.121252,"23410","B5","G6350","S",,,
168,5.771395,"23427","B5","G6350","S",,,
169,12.380556,"23337","B5","G6350","S",23337,0.022084,0.580229
170,80.304779,"24318","B5","G6350","S",24318,1.558233,0.813239
171,84.868256,"24314","B5","G6350","S",24314,1.691970,0.484819
172,37.206760,"24366","B5","G6350","S",,,
173,83.506401,"24124","B5","G6350","S",24124,0.530327,0.588227
174,201.738190,"24315","B5","G6350","S",24315,1.056173,0.682670
175,11.995154,"23845","B5","G6350","S",23845,-0.277483,1.261897
176,21.982012,"23893","B5","G6350","S",,,
177,58.515308,"23856","B5","G6350","S",23856,-1.190186,0.934151
178,37.268230,"238HH","B5","G6350","S",,,
179,28.379030,"23919","B5","G6350","S",23919,0.127588,0.604757
180,63.307873,"23950","B5","G6350","S",23950,-0.656649,0.533331
181,124.499054,"23868","B5","G6350","S",23868,-0.589161,0.659036
182,27.874350,"23843","B5","G6350","S",23843,0.643153,0.528130
183,68.573120,"23821","B5","G6350","S",23821,-1.103771,0.524213
184,180.252869,"23824","B5","G6350","S",23824,-0.263537,0.723316
185,31.565569,"23876","B5","G6350","S",,,
186,28.968092,"23889","B5","G6350","S",23889,-0.666421,1.305251
187,18.659714,"23887","B5","G6350","S",,,
188,277.680817,"23847","B5","G6350","S",23847,-0.303317,0.674502
189,18.071459,"23938","B5","G6350","S",,,
190,11.980929,"23857","B5","G6350","S",,,
191,128.566223,"23920","B5","G6350","S",23920,0.280649,0.807222
192,56.503368,"23959","B5","G6350","S",23959,0.149687,1.182882
193,145.785263,"23924","B5","G6350","S",23924,-0.210591,0.724913
194,51.675644,"239HH","B5","G6350","S",,,
195,15.452694,"23962","B5","G6350","S",,,
196,141.848465,"23947","B5","G6350","S",23947,0.196469,0.639686
197,94.820694,"23958","B5","G6350","S",23958,0.943265,0.791390
198,43.290073,"23934","B5","G6350","S",23934,1.177667,0.492353
199,88.967125,"23923","B5","G6350","S",23923,-0.068975,0.598983
200,52.054611,"23964","B5","G6350","S",23964,-1.138148,0.684006
201,4.308312,"23976","B5","G6350","S",,,
202,60.630642,"23967","B5","G6350","S",23967,-0.560607,0.518426
203,75.209145,"23937","B5","G6350","S",23937,0.179052,0.713948
204,249.588776,"24127","B5","G6350","S",24127,0.309783,0.651980
205,83.541138,"24128","B5","G6350","S",24128,0.075685,0.628741
206,35.063244,"24131","B5","G6350","S",,,
207,54.654026,"24070","B5","G6350","S",,,
208,28.474936,"22734","B5","G6350","S",22734,1.082828,0.482314
209,8.701933,"22741","B5","G6350","S",22741,-1.112834,0.702127
210,52.448936,"20106","B5","G6350","S",20106,1.332016,0.641363
211,77.409286,"22740","B5","G6350","S",22740,-0.109470,0.856778
212,23.111275,"22714","B5","G6350","S",,,
213,159.558411,"22701","B5","G6350","S",22701,0.192624,0.565663
214,48.959084,"22733","B5","G6350","S",22733,-1.344241,0.575761
215,28.334372,"22718","B5","G6350","S",,,
216,39.525181,"22737","B5","G6350","S",22737,1.022557,0.658343
217,21.557652,"22726","B5","G6350","S",22726,-0.718774,0.567330
218,21.101400,"22736","B5","G6350","S",,,
219,23.571825,"22724","B5","G6350","S",22724,1.827563,0.483925
220,38.949306,"22735","B5","G6350","S",22735,2.182527,0.456475
221,4.140480,"22729","B5","G6350","S",22729,2.151597,0.431736
222,61.843941,"20186","B5","G6350","S",20186,0.257853,0.543291
223,5.415611,"22746","B5","G6350","S",22746,2.114925,0.471012
224,22.877811,"22713","B5","G6350","S",22713,-1.963264,0.427000
225,36.409153,"24226","B5","G6350","S",24226,0.633122,1.058076
226,16.905039,"24272","B5","G6350","S",,,
227,18.025789,"24220","B5","G6350","S",,,
228,129.320114,"24230","B5","G6350","S",24230,0.917442,0.641310
229,36.230156,"24237","B5","G6350","S",24237,-0.946266,0.767929
230,68.215492,"24225","B5","G6350","S",24225,0.124252,0.858838
231,10.276976,"24607","B5","G6350","S",,,
232,49.023106,"24256","B5","G6350","S",24256,-0.857491,0.761827
233,1.774617,"242HH","B5","G6350","S",,,
234,23.945242,"24283","B5","G6350","S",24283,0.741247,0.610010
235,2.960861,"24269","B5","G6350","S",,,
236,29.873249,"24217","B5","G6350","S",24217,0.670369,0.889114
237,94.588310,"24228","B5","G6350","S",24228,-0.688966,0.694975
238,142.954712,"24333","B5","G6350","S",24333,0.044794,0.646606
239,33.128300,"24328","B5","G6350","S",24328,-0.205189,0.505001
240,40.383057,"24312","B5","G6350","S",24312,1.287493,0.714115
241,88.033295,"24380","B5","G6350","S",24380,0.423739,0.419607
242,41.761787,"24317","B5","G6350","S",24317,-0.399059,0.628424
243,9.060205,"243HH","B5","G6350","S",,,
244,48.446972,"24381","B5","G6350","S",24381,-0.226592,0.760664
245,22.014776,"24105","B5","G6350","S",24105,1.834432,0.469342
246,45.663124,"24325","B5","G6350","S",,,
247,62.015846,"24120","B5","G6350","S",24120,-0.142737,0.623467
248,40.980846,"24330","B5","G6350","S",24330,0.642276,0.937729
249,44.467941,"24350","B5","G6350","S",24350,-0.190282,0.409780
250,80.263901,"24347","B5","G6350","S",24347,0.762308,0.692568
251,61.717854,"24053","B5","G6350","S",24053,0.444287,0.605965
252,31.380241,"24352","B5","G6350","S",24352,-0.373357,0.284552
253,128.313919,"24343","B5","G6350","S",24343,-0.217328,0.618579
254,11.919555,"24351","B5","G6350","S",24351,1.234452,0.489915
255,94.878731,"24121","B5","G6350","S",24121,0.618165,0.552566
256,45.485447,"24571","B5","G6350","S",24571,1.311897,0.727721
257,25.137024,"24095","B5","G6350","S",24095,0.707663,0.409957
258,68.128471,"24551","B5","G6350","S",24551,0.706197,0.624145
259,33.161823,"24174","B5","G6350","S",24174,-1.077435,0.542820
260,29.781048,"24064","B5","G6350","S",24064,0.940257,0.526054
261,0.304212,"24448","B5","G6350","S",24448,1.166667,0.760284
262,118.394264,"24153","B5","G6350","S",24153,0.318246,0.604493
263,96.160255,"24090","B5","G6350","S",24090,0.217213,0.881295
264,81.528343,"24175","B5","G6350","S",24175,0.933599,0.537413
265,23.440458,"24019","B5","G6350","S",24019,0.490383,0.642175
266,8.587455,"240HH","B5","G6350","S",,,
267,9.000511,"24083","B5","G6350","S",24083,0.070463,0.503284
268,76.455734,"24422","B5","G6350","S",24422,-0.805925,0.689787
269,178.631012,"24085","B5","G6350","S",24085,1.338049,0.629631
270,19.480400,"24012","B5","G6350","S",24012,0.157911,0.635426
271,1.054188,"24077","B5","G6350","S",24077,-0.668154,0.651215
272,150.559814,"24066","B5","G6350","S",24066,0.110396,0.559256
273,37.016106,"241HH","B5","G6350","S",,,
274,43.590439,"23850","B5","G6350","S",,,
275,60.093807,"23833","B5","G6350","S",,,
276,56.205219,"23966","B5","G6350","S",23966,0.408208,0.290984
277,255.888657,"23002","B5","G6350","S",23002,-0.003743,0.664860
278,60.700584,"23083","B5","G6350","S",23083,-0.416336,1.004044
279,2.356240,"22302","B5","G6350","S",22302,-0.975549,0.582832
280,1.247657,"22301","B5","G6350","S",22301,-0.786517,0.617811
281,1.534597,"22305","B5","G6350","S",22305,-0.758585,0.652628
282,2.245751,"22206","B5","G6350","S",22206,-0.728970,0.606521
283,5.052239,"22312","B5","G6350","S",22312,0.352938,0.641243
284,4.047882,"22314","B5","G6350","S",22314,-0.474855,0.636197
285,1.454292,"22311","B5","G6350","S",22311,-0.634003,0.618714
286,4.499294,"22304","B5","G6350","S",22304,-0.463106,0.619763
287,105.375465,"23930","B5","G6350","S",23930,0.067869,0.593079
288,67.772148,"23922","B5","G6350","S",23922,-0.955050,0.344805
289,0.003755,"238XX","B5","G6350","S",,,
290,0.450236,"23304","B5","G6350","S",23304,0.735879,0.863138
291,108.885231,"23430","B5","G6350","S",23430,0.095420,0.598726
292,27.181047,"23315","B5","G6350","S",,,
293,19.683071,"23314","B5","G6350","S",23314,0.676512,0.471257
294,52.185314,"23898","B5","G6350","S",23898,-0.948465,0.454952
295,92.432060,"23487","B5","G6350","S",23487,-0.473410,0.693061
296,115.789131,"23851","B5","G6350","S",23851,0.006499,0.628268
297,79.065186,"23866","B5","G6350","S",23866,0.724410,0.754990
298,208.043182,"23093","B5","G6350","S",23093,0.262869,0.736491
299,119.681511,"22942","B5","G6350","S",22942,-0.703491,0.638380
300,39.496525,"23084","B5","G6350","S",23084,0.246743,0.513777
301,21.796421,"23065","B5","G6350","S",,,
302,35.129932,"22974","B5","G6350","S",22974,-0.733388,0.516923
303,82.054367,"230HH","B5","G6350","S",,,
304,50.271835,"231HH","B5","G6350","S",,,
305,50.248985,"22947","B5","G6350","S",22947,-0.053301,0.906797
306,137.550323,"23117","B5","G6350","S",23117,0.086578,0.677006
307,32.142200,"23968","B5","G6350","S",,,
308,35.712093,"23915","B5","G6350","S",,,
309,70.370529,"23927","B5","G6350","S",23927,-0.711491,0.609250
310,26.790949,"24580","B5","G6350","S",,,
311,32.451458,"24529","B5","G6350","S",24529,0.116772,0.485119
312,113.335594,"23917","B5","G6350","S",23917,-0.631793,0.751773
313,143.896820,"23882","B5","G6350","S",23882,-1.151242,0.673649
314,54.401752,"23830","B5","G6350","S",,,
315,62.676704,"23897","B5","G6350","S",,,
316,93.333199,"23867","B5","G6350","S",23867,0.256227,0.560778
317,3.233917,"23943","B5","G6350","S",,,
318,192.498428,"23901","B5","G6350","S",23901,0.062501,0.664441
319,41.548458,"23960","B5","G6350","S",23960,-0.518194,0.575365
320,50.422878,"23113","B5","G6350","S",23113,0.148450,0.545614
321,66.112244,"23120","B5","G6350","S",23120,0.149479,0.560917
322,244.595428,"23139","B5","G6350","S",23139,0.591686,0.625547
323,75.925018,"23803","B5","G6350","S",23803,-0.457678,0.623525
324,71.443977,"23805","B5","G6350","S",23805,-0.683227,0.580214
325,66.922928,"23457","B5","G6350","S",23457,-0.554702,0.700471
326,15.207085,"23455","B5","G6350","S",23455,0.200560,0.578968
327,2.148922,"23521","B5","G6350","S",,,
328,17.578535,"23464","B5","G6350","S",23464,0.444970,0.607311
329,14.828988,"23452","B5","G6350","S",23452,-0.179219,0.575987
330,30.834192,"23454","B5","G6350","S",23454,-0.009255,0.622069
331,11.890143,"23462","B5","G6350","S",23462,0.025745,0.571119
332,17.021624,"23451","B5","G6350","S",23451,0.095896,0.607119
333,71.261208,"23456","B5","G6350","S",23456,0.715663,0.572765
334,11.392215,"235HH","B5","G6350","S",,,
335,1.735362,"23461","B5","G6350","S",,,
336,2.241355,"23459","B5","G6350","S",,,
337,57.977165,"22407","B5","G6350","S",22407,0.375811,0.596368
338,10.464824,"22401","B5","G6350","S",22401,-0.632621,0.629045
339,108.513840,"23837","B5","G6350","S",23837,-0.044081,0.659926
340,41.565918,"23844","B5","G6350","S",23844,0.325750,0.496586
341,42.392406,"23874","B5","G6350","S",,,
342,38.070053,"23828","B5","G6350","S",,,
343,81.029678,"23829","B5","G6350","S",,,
344,80.879936,"23888","B5","G6350","S",23888,-0.495116,0.571271
345,48.501991,"23827","B5","G6350","S",23827,0.378966,0.855121
346,54.784615,"23878","B5","G6350","S",23878,0.740440,0.478756
347,5.404068,"23665","B5","G6350","S",23665,-0.308678,0.760567
348,94.519081,"23188","B5","G6350","S",23188,0.197011,0.542017
349,14.303517,"23691","B5","G6350","S",,,
350,60.792454,"23185","B5","G6350","S",23185,-0.500748,0.573107
351,6.818750,"23696","B5","G6350","S",23696,1.234313,0.671866
352,13.233431,"23693","B5","G6350","S",23693,0.106096,0.581209
353,22.973310,"23692","B5","G6350","S",23692,0.450065,0.730433
354,9.413947,"23690","B5","G6350","S",23690,0.096087,0.523520
355,22.261356,"236HH","B5","G6350","S",,,
356,35.541027,"24014","B5","G6350","S",24014,0.310407,0.597169
357,4.710330,"24015","B5","G6350","S",24015,-0.729624,0.606600
358,8.917892,"24017","B5","G6350","S",24017,-0.151154,0.529424
359,3.323936,"24016","B5","G6350","S",24016,0.159070,0.510380
360,2.257503,"24013","B5","G6350","S",24013,-1.049456,0.484627
361,38.657684,"24018","B5","G6350","S",24018,0.248866,0.588861
362,0.181827,"24011","B5","G6350","S",,,
363,80.059525,"24137","B5","G6350","S",24137,0.368171,0.509209
364,80.404243,"24541","B5","G6350","S",24541,-0.131893,0.649468
365,36.945377,"24566","B5","G6350","S",24566,0.588652,0.747957
366,58.486004,"24586","B5","G6350","S",24586,0.159488,0.603822
367,71.845421,"24540","B5","G6350","S",24540,0.403107,0.692514
368,52.996330,"24549","B5","G6350","S",24549,0.329280,0.894322
369,34.178989,"24069","B5","G6350","S",24069,0.064284,0.567391
370,69.603500,"24563","B5","G6350","S",24563,-0.763318,0.585582
371,197.581848,"24531","B5","G6350","S",24531,0.500616,0.860953
372,35.671547,"24527","B5","G6350","S",24527,0.574930,0.490549
373,22.054939,"24161","B5","G6350","S",24161,0.920876,0.551320
374,120.179367,"24609","B5","G6350","S",24609,1.239465,0.633909
375,122.484100,"24266","B5","G6350","S",24266,-0.012808,0.623200
376,32.275768,"24649","B5","G6350","S",,,
377,104.228462,"24224","B5","G6350","S",24224,0.381830,0.569686
378,91.408653,"24260","B5","G6350","S",24260,-0.130737,0.839878
379,7.254367,"24280","B5","G6350","S",24280,0.997567,0.506575
380,39.979786,"24639","B5","G6350","S",24639,0.273495,0.488613
381,14.880724,"24646","B5","G6350","S",24646,1.673853,0.482152
382,79.300674,"23140","B5","G6350","S",23140,0.781886,0.524111
383,29.803703,"23141","B5","G6350","S",23141,1.189910,0.542193
384,62.008297,"23181","B5","G6350","S",23181,-1.067028,0.765158
385,58.445091,"23089","B5","G6350","S",23089,-1.114782,0.514674
386,18.211821,"23011","B5","G6350","S",23011,-1.380446,0.691361
387,121.929970,"23970","B5","G6350","S",23970,-0.749048,0.667021
388,136.832703,"23944","B5","G6350","S",23944,-0.899041,0.631848
389,11.314298,"23952","B5","G6350","S",,,
390,3.535584,"22433","B5","G6350","S",,,
391,19.746552,"22972","B5","G6350","S",,,
392,116.862579,"22960","B5","G6350","S",22960,-0.045252,0.584023
393,2.355839,"22957","B5","G6350","S",22957,1.585394,0.624532
394,41.566597,"22567","B5","G6350","S",22567,0.239846,0.570031
395,20.892752,"22542","B5","G6350","S",22542,1.010004,0.400493
396,46.491890,"22923","B5","G6350","S",22923,-0.214610,0.567885
397,67.760277,"22508","B5","G6350","S",22508,0.655939,0.599892
398,0.099319,"24142","B5","G6350","S",,,
399,71.619720,"23942","B5","G6350","S",,,
400,92.398773,"23974","B5","G6350","S",23974,0.059495,0.612104
401,63.062172,"23954","B5","G6350","S",23954,-0.545140,0.627166
402,3.740999,"23707","B5","G6350","S",23707,-0.289546,0.680759
403,2.159693,"237HH","B5","G6350","S",,,
404,5.343146,"23704","B5","G6350","S",23704,-0.491786,0.576725
405,2.629855,"23702","B5","G6350","S",23702,-0.035273,0.661143
406,0.178684,"23708","B5","G6350","S",,,
407,7.674018,"23701","B5","G6350","S",23701,-0.353339,0.617501
408,8.632548,"23703","B5","G6350","S",23703,-0.218524,0.622307
409,26.443163,"23834","B5","G6350","S",23834,0.473325,0.584704
410,92.423271,"22520","B5","G6350","S",22520,0.712002,0.585833
411,158.923019,"22572","B5","G6350","S",22572,1.084510,0.673287
412,58.160046,"22460","B5","G6350","S",22460,0.148445,0.552501
413,0.026397,"22548","B5","G6350","S",,,
414,37.090233,"224HH","B5","G6350","S",,,
415,50.074745,"225HH","B5","G6350","S",,,
416,3.095429,"23899","B5","G6350","S",23899,0.108610,1.274831
417,45.630516,"23846","B5","G6350","S",23846,0.689013,0.936787
418,51.413754,"23883","B5","G6350","S",23883,-1.365894,0.549642
419,141.590164,"23842","B5","G6350","S",23842,1.011473,0.479197
420,177.451981,"23890","B5","G6350","S",23890,-0.278919,0.598836
421,120.201370,"23881","B5","G6350","S",23881,-1.112625,0.707417
422,37.972942,"23839","B5","G6350","S",23839,0.260782,0.745535
423,63.736378,"22443","B5","G6350","S",22443,0.947627,0.575758
424,26.586479,"22488","B5","G6350","S",22488,1.833443,0.598199
425,36.927193,"22469","B5","G6350","S",22469,-0.109175,0.375523
426,2.935284,"22529","B5","G6350","S",,,
427,72.171013,"24148","B5","G6350","S",24148,-0.214610,0.644862
428,151.440552,"24112","B5","G6350","S",24112,-0.077669,0.567883
429,0.015186,"27048","B5","G6350","S",27048,-0.060814,0.661681
430,35.861927,"24530","B5","G6350","S",,,
431,39.034657,"24165","B5","G6350","S",24165,0.124554,0.612568
432,1.263281,"24168","B5","G6350","S",24168,1.154512,0.617122
433,98.151688,"24054","B5","G6350","S",24054,-0.371778,0.686413
434,38.688583,"24102","B5","G6350","S",24102,-0.064479,0.655722
435,80.607170,"24055","B5","G6350","S",24055,0.484751,0.617669
436,7.508139,"24078","B5","G6350","S",24078,1.113308,0.674233
437,11.070712,"24089","B5","G6350","S",24089,0.617139,0.545427
438,94.079826,"24073","B5","G6350","S",24073,0.235711,0.602456
439,32.543179,"24162","B5","G6350","S",,,
440,57.010036,"24087","B5","G6350","S",24087,-0.467036,0.766773
441,134.474564,"24060","B5","G6350","S",24060,-0.192549,0.620697
442,84.954048,"24216","B5","G6350","S",24216,-0.463180,0.811084
443,39.758541,"24273","B5","G6350","S",24273,0.050531,0.683699
444,75.789345,"24279","B5","G6350","S",24279,-1.229198,0.751288
445,0.012522,"24215","B5","G6350","S",24215,-0.118036,0.498589
446,1.561661,"24285","B5","G6350","S",,,
447,73.722137,"24219","B5","G6350","S",24219,0.085448,0.680346
448,55.159702,"24293","B5","G6350","S",24293,-0.087443,0.598448
449,27.223236,"24374","B5","G6350","S",24374,1.224131,0.698740
450,19.365498,"24322","B5","G6350","S",,,
451,90.572357,"24360","B5","G6350","S",24360,-0.005661,0.687139
452,23.317780,"24323","B5","G6350","S",,,
453,6.499351,"24313","B5","G6350","S",24313,0.199315,0.401400
454,42.927971,"24324","B5","G6350","S",24324,0.589692,0.482539
455,67.338165,"24368","B5","G6350","S",24368,-0.219752,0.676185
456,187.541855,"24382","B5","G6350","S",24382,0.316692,0.679466
457,216.610260,"24450","B5","G6350","S",24450,-0.436875,0.618115
458,44.426182,"24133","B5","G6350","S",24133,0.989912,0.415765
459,206.061844,"24171","B5","G6350","S",24171,0.387953,0.502016
460,47.439236,"24185","B5","G6350","S",24185,-0.487945,0.425912
461,8.283150,"24082","B5","G6350","S",,,
462,109.423065,"24088","B5","G6350","S",24088,0.038712,0.903380
463,24.716112,"24076","B5","G6350","S",24076,0.007542,0.518072
464,129.780762,"24401","B5","G6350","S",24401,0.075798,0.658852
465,153.482742,"23322","B5","G6350","S",23322,0.452109,0.668228
466,27.193062,"23321","B5","G6350","S",23321,-0.209378,0.578520
467,123.427483,"23323","B5","G6350","S",23323,0.184167,0.559129
468,3.840716,"23325","B5","G6350","S",23325,-0.103393,0.761541
469,6.770416,"23324","B5","G6350","S",23324,-0.455723,0.586182
470,32.737724,"23320","B5","G6350","S",23320,0.120507,0.583966
471,34.093555,"24603","B5","G6350","S",24603,-0.079884,0.656686
472,0.173426,"24624","B5","G6350","S",,,
473,3.717130,"24239","B5","G6350","S",,,
474,17.586529,"24657","B5","G6350","S",,,
475,74.375656,"24620","B5","G6350","S",24620,-0.059170,1.126924
476,133.639404,"24614","B5","G6350","S",24614,0.819549,0.803598
477,55.781845,"24622","B5","G6350","S",24622,0.239651,0.544928
478,9.986832,"24634","B5","G6350","S",,,
479,4.984601,"24628","B5","G6350","S",24628,-0.130482,0.693427
480,71.358498,"24656","B5","G6350","S",24656,-0.031574,0.873080
481,42.512638,"24631","B5","G6350","S",24631,-0.532289,0.567705
482,95.183357,"23231","B5","G6350","S",23231,-0.427766,0.597746
483,2.468837,"23050","B5","G6350","S",23050,2.296119,0.409067
484,158.833511,"23061","B5","G6350","S",23061,0.033597,0.580637
485,47.360489,"23149","B5","G6350","S",23149,-0.485820,0.567182
486,41.656673,"23072","B5","G6350","S",23072,-0.385317,0.649486
487,8.479724,"23128","B5","G6350","S",23128,1.808717,0.544473
488,1.490074,"23062","B5","G6350","S",23062,-0.617003,0.499023
489,0.233785,"23184","B5","G6350","S",,,
490,0.157855,"23001","B5","G6350","S",,,
491,0.335083,"23178","B5","G6350","S",23178,-0.788514,0.883588
492,44.657951,"22408","B5","G6350","S",22408,0.160798,0.540351
493,10.138354,"22535","B5","G6350","S",,,
494,150.137543,"22427","B5","G6350","S",22427,1.143673,0.758108
495,92.698792,"22580","B5","G6350","S",22580,0.954994,0.485023
496,45.188156,"22438","B5","G6350","S",,,
497,88.992859,"22514","B5","G6350","S",22514,0.286128,0.681570
498,2.816332,"224XX","B5","G6350","S",,,
499,0.010555,"225XX","B5","G6350","S",,,
500,12.746632,"22538","B5","G6350","S",,,
501,141.170456,"23030","B5","G6350","S",23030,-0.516098,0.506252
502,11.426209,"23224","B5","G6350","S",23224,-0.498377,0.614573
503,95.099686,"23838","B5","G6350","S",23838,0.235031,0.509844
504,13.875705,"23236","B5","G6350","S",23236,0.179377,0.572785
505,14.374104,"23225","B5","G6350","S",23225,-0.399489,0.610112
506,23.305952,"23831","B5","G6350","S",23831,0.468137,0.600164
507,19.962053,"23234","B5","G6350","S",23234,0.195268,0.538014
508,27.937487,"23836","B5","G6350","S",23836,0.072993,0.692290
509,17.504860,"23235","B5","G6350","S",23235,-0.111658,0.599247
510,34.724636,"23112","B5","G6350","S",23112,-0.211199,0.597921
511,20.006098,"23237","B5","G6350","S",23237,-0.149777,0.575366
512,43.793697,"23832","B5","G6350","S",23832,-0.110003,0.589624
513,30.727280,"22079","B5","G6350","S",22079,0.395177,0.573557
514,10.757852,"22102","B5","G6350","S",22102,0.204259,0.648539
515,12.947732,"22060","B5","G6350","S",22060,-0.835387,0.594990
516,7.222259,"22031","B5","G6350","S",22031,-0.716385,0.555005
517,11.444176,"22182","B5","G6350","S",22182,0.000257,0.675268
518,2.862216,"22041","B5","G6350","S",22041,-0.377682,0.669207
519,5.391410,"22315","B5","G6350","S",22315,-0.296164,0.564968
520,5.848838,"22180","B5","G6350","S",22180,0.419278,0.590844
521,1.477670,"201HH","B5","G6350","S",,,
522,11.626958,"20171","B5","G6350","S",20171,-0.249657,0.564522
523,22.576191,"20124","B5","G6350","S",20124,0.347137,0.523782
524,26.925608,"22066","B5","G6350","S",22066,-0.609332,0.643441
525,16.819666,"20120","B5","G6350","S",20120,0.167381,0.668834
526,6.132521,"22152","B5","G6350","S",22152,-0.259146,0.618542
527,18.671206,"22030","B5","G6350","S",22030,-0.058952,0.598657
528,6.902555,"22306","B5","G6350","S",22306,-0.312731,0.558201
529,8.298883,"22015","B5","G6350","S",22015,-0.066871,0.580088
530,9.049417,"20121","B5","G6350","S",20121,0.070771,0.581988
531,2.821585,"22046","B5","G6350","S",22046,-0.119806,0.647773
532,0.574629,"22027","B5","G6350","S",22027,-0.178043,0.829147
533,4.693331,"22043","B5","G6350","S",22043,-0.690408,0.704554
534,24.790300,"22039","B5","G6350","S",22039,0.156423,0.623603
535,8.379775,"22153","B5","G6350","S",22153,-0.024525,0.650812
536,2.159086,"22303","B5","G6350","S",22303,-0.678988,0.665588
537,8.497626,"20191","B5","G6350","S",20191,-0.307206,0.606314
538,5.741949,"220HH","B5","G6350","S",,,
539,15.709626,"20151","B5","G6350","S",20151,0.121590,0.582326
540,7.512794,"22032","B5","G6350","S",22032,-0.391026,0.559229
541,4.547898,"20190","B5","G6350","S",20190,0.003220,0.547292
542,12.908518,"22003","B5","G6350","S",22003,0.069157,0.650412
543,2.104373,"223HH","B5","G6350","S",,,
544,6.139526,"22042","B5","G6350","S",22042,-0.297487,0.678337
545,8.976023,"22033","B5","G6350","S",22033,0.097277,0.555104
546,7.540303,"22309","B5","G6350","S",22309,0.022406,0.584677
547,4.506437,"22308","B5","G6350","S",22308,-0.570904,0.649226
548,2.286372,"22044","B5","G6350","S",22044,-0.621412,0.651094
549,9.175144,"22124","B5","G6350","S",22124,-0.298903,0.603949
550,3.021637,"22307","B5","G6350","S",22307,-0.980990,0.591362
551,8.727505,"20170","B5","G6350","S",20170,0.451592,0.595744
552,3.230183,"20194","B5","G6350","S",20194,0.122229,0.627274
553,6.856726,"22310","B5","G6350","S",22310,0.128326,0.569876
554,5.931795,"22181","B5","G6350","S",22181,-0.079764,0.699436
555,5.256871,"22151","B5","G6350","S",22151,-0.838687,0.606723
556,8.657463,"22150","B5","G6350","S",22150,-0.311114,0.702696
557,4.476880,"22946","B5","G6350","S",,,
558,38.863419,"22969","B5","G6350","S",,,
559,0.276420,"22924","B5","G6350","S",22924,-2.041750,0.538795
560,161.307129,"24590","B5","G6350","S",24590,0.515535,0.648878
561,105.779045,"22932","B5","G6350","S",22932,-0.087798,0.564194
562,54.738674,"22901","B5","G6350","S",22901,-0.340104,0.571697
563,16.640371,"24562","B5","G6350","S",,,
564,68.523659,"22903","B5","G6350","S",22903,-0.424126,0.609332
565,1.950107,"229HH","B5","G6350","S",,,
566,39.186749,"22937","B5","G6350","S",,,
567,54.701370,"22959","B5","G6350","S",22959,0.579855,0.600161
568,56.687077,"22920","B5","G6350","S",22920,0.474726,0.719650
569,34.631245,"22936","B5","G6350","S",22936,-0.232100,0.645543
570,21.005529,"22935","B5","G6350","S",,,
571,43.061989,"22968","B5","G6350","S",22968,-0.471749,0.544353
572,7.055363,"22943","B5","G6350","S",,,
573,65.013832,"22902","B5","G6350","S",22902,-0.588070,0.654717
574,10.316680,"22931","B5","G6350","S",22931,1.684697,0.720416
575,47.225719,"22911","B5","G6350","S",22911,0.337934,0.555840
576,37.565502,"22938","B5","G6350","S",22938,2.069875,0.482640
577,33.886356,"22940","B5","G6350","S",22940,2.119201,2.406448
578,1.703571,"22211","B5","G6350","S",,,
579,3.532727,"22202","B5","G6350","S",22202,-0.862411,0.615684
580,4.046186,"22204","B5","G6350","S",22204,-0.860817,0.703524
581,6.514805,"22207","B5","G6350","S",22207,-0.598493,0.631203
582,2.232746,"22201","B5","G6350","S",22201,-0.628304,0.630088
583,2.727567,"22205","B5","G6350","S",22205,-1.107130,0.611952
584,0.727016,"22209","B5","G6350","S",22209,0.014403,0.556568
585,0.532591,"22213","B5","G6350","S",22213,-0.507567,0.572234
586,13.968032,"22101","B5","G6350","S",22101,-0.381060,0.651678
587,1.593718,"22203","B5","G6350","S",22203,-0.736385,0.644916
588,25.563484,"22436","B5","G6350","S",,,
589,46.779018,"22454","B5","G6350","S",22454,2.245913,0.366156
590,5.560933,"23115","B5","G6350","S",,,
591,54.943371,"23148","B5","G6350","S",23148,0.031511,0.976597
592,39.164661,"22437","B5","G6350","S",,,
593,19.717905,"22476","B5","G6350","S",,,
594,98.495667,"22560","B5","G6350","S",22560,-0.399037,0.495312
595,11.203270,"22504","B5","G6350","S",22504,-0.740192,1.037105
596,11.619818,"22509","B5","G6350","S",,,
597,105.902969,"24134","B5","G6350","S",24134,-0.600406,0.817093
598,21.241455,"24150","B5","G6350","S",24150,1.348918,0.710311
599,43.408005,"24136","B5","G6350","S",24136,-0.437904,0.616643
600,3.482049,"24167","B5","G6350","S",,,
601,3.959762,"24086","B5","G6350","S",,,
602,10.481480,"24094","B5","G6350","S",,,
603,3.430971,"24147","B5","G6350","S",24147,2.141959,0.407598
604,7.769983,"24093","B5","G6350","S",24093,0.868899,0.400659
605,52.369148,"23027","B5","G6350","S",23027,0.988372,0.625229
606,79.475517,"23038","B5","G6350","S",23038,0.198565,0.694161
607,118.044312,"22602","B5","G6350","S",22602,0.443414,0.615480
608,34.809387,"22655","B5","G6350","S",22655,0.576352,0.650826
609,7.827900,"22656","B5","G6350","S",22656,0.353760,0.492528
610,4.011583,"226HH","B5","G6350","S",,,
611,97.857208,"22603","B5","G6350","S",22603,-0.102883,0.571548
612,43.629848,"22625","B5","G6350","S",22625,0.147593,0.552611
613,26.547234,"22663","B5","G6350","S",22663,1.375700,0.751492
614,35.602325,"22645","B5","G6350","S",22645,-0.789130,0.516942
615,50.714836,"22654","B5","G6350","S",22654,0.423486,0.668802
616,20.290102,"22624","B5","G6350","S",22624,-1.499159,0.835915
617,9.807915,"22601","B5","G6350","S",22601,0.108075,0.653191
618,41.154232,"22637","B5","G6350","S",22637,-0.697357,0.696908
619,16.634630,"22939","B5","G6350","S",22939,-0.223353,0.640263
620,31.712458,"24430","B5","G6350","S",24430,-0.587021,0.461796
621,42.952950,"20117","B5","G6350","S",20117,-0.785559,0.518356
622,17.595064,"20137","B5","G6350","S",20137,-0.531366,0.568126
623,26.108191,"20184","B5","G6350","S",,,
624,24.490711,"22742","B5","G6350","S",22742,0.076154,1.053547
625,124.808426,"22630","B5","G6350","S",22630,0.039877,0.609555
626,0.622277,"20140","B5","G6350","S",,,
627,96.475990,"22554","B5","G6350","S",22554,0.249293,0.554706
628,83.312241,"24485","B5","G6350","S",,,
629,13.286976,"24431","B5","G6350","S",24431,0.258245,0.446527
630,64.954948,"24479","B5","G6350","S",24479,-0.678391,0.614892
631,79.841957,"24421","B5","G6350","S",24421,0.181585,0.673499
632,23.948532,"24486","B5","G6350","S",24486,0.696608,0.667910
633,139.849838,"228XX","B5","G6350","S",,,
634,0.041463,"24463","B5","G6350","S",,,
635,49.181549,"22812","B5","G6350","S",22812,-0.245059,0.764222
636,6.872201,"24475","B5","G6350","S",,,
637,97.924530,"24439","B5","G6350","S",24439,-1.168725,0.862801
638,91.244240,"22980","B5","G6350","S",22980,0.197033,0.601095
639,12.307856,"24437","B5","G6350","S",24437,1.104043,0.829994
640,22.375120,"24440","B5","G6350","S",24440,0.415746,0.729925
641,46.618519,"24477","B5","G6350","S",24477,0.183833,0.732419
642,34.855820,"24432","B5","G6350","S",,,
643,30.359653,"22841","B5","G6350","S",22841,1.372602,0.961158
644,61.707970,"22843","B5","G6350","S",22843,-0.336170,0.812975
645,30.122356,"22958","B5","G6350","S",22958,-1.185824,0.520116
646,44.212093,"24441","B5","G6350","S",24441,0.511552,0.644280
647,19.944897,"24467","B5","G6350","S",24467,1.921906,0.621157
648,40.783310,"24459","B5","G6350","S",24459,-0.322890,1.032910
649,48.989323,"22952","B5","G6350","S",22952,0.768579,0.572482
650,67.229378,"24472","B5","G6350","S",24472,-1.464650,0.756788
651,14.823442,"24482","B5","G6350","S",24482,-0.235465,0.669973
652,0.594534,"20139","B5","G6350","S",,,
653,2.261416,"22643","B5","G6350","S",,,
654,69.415268,"20187","B5","G6350","S",20187,-0.117275,0.595336
655,0.983421,"20130","B5","G6350","S",,,
656,2.405446,"20138","B5","G6350","S",,,
657,57.285675,"20181","B5","G6350","S",20181,0.346828,0.549895
658,39.838230,"22728","B5","G6350","S",22728,0.709102,0.913766
659,49.009480,"22642","B5","G6350","S",22642,0.372727,0.551888
660,28.715662,"22639","B5","G6350","S",,,
661,38.629532,"22712","B5","G6350","S",22712,-0.106850,0.739951
662,60.701664,"20198","B5","G6350","S",20198,0.733487,0.708543
663,99.246941,"20115","B5","G6350","S",20115,0.069092,0.555332
664,72.182495,"22406","B5","G6350","S",22406,0.211156,0.531084
665,16.846136,"22720","B5","G6350","S",22720,-0.700656,0.855486
666,3.260398,"20118","B5","G6350","S",20118,-1.981816,0.487116
667,39.140057,"20144","B5","G6350","S",,,
668,66.483284,"20119","B5","G6350","S",20119,-0.667970,0.489678
669,148.671814,"24484","B5","G6350","S",,,
670,77.507950,"24487","B5","G6350","S",24487,0.486115,1.261200
671,0.897645,"24412","B5","G6350","S",24412,2.039943,0.612586
672,255.794571,"24460","B5","G6350","S",24460,-0.030426,0.742629
673,47.906326,"23004","B5","G6350","S",23004,-0.610090,0.993145
674,55.147625,"24599","B5","G6350","S",,,
675,134.848602,"23040","B5","G6350","S",23040,0.074958,0.539360
676,208.359665,"23936","B5","G6350","S",23936,1.281161,0.493968
677,41.812500,"23123","B5","G6350","S",23123,-0.092327,0.808853
678,84.749870,"23921","B5","G6350","S",,,
679,35.843346,"23885","B5","G6350","S",23885,0.367969,0.830414
680,118.175835,"23872","B5","G6350","S",23872,0.822442,0.569774
681,36.314583,"23894","B5","G6350","S",,,
682,75.791695,"23841","B5","G6350","S",23841,-0.103861,0.548321
683,50.559441,"23840","B5","G6350","S",23840,-1.199394,0.821069
684,101.186897,"24445","B5","G6350","S",24445,-0.290173,0.848065
685,0.059938,"24474","B5","G6350","S",,,
686,1.931601,"244HH","B5","G6350","S",,,
687,361.036346,"24426","B5","G6350","S",24426,0.772289,0.576143
688,0.593862,"24457","B5","G6350","S",24457,0.684516,0.454960
689,38.335999,"24593","B5","G6350","S",,,
690,0.936882,"23939","B5","G6350","S",,,
691,209.998001,"24522","B5","G6350","S",24522,0.479626,0.578489
692,91.726509,"24065","B5","G6350","S",24065,0.575639,0.564109
693,165.277283,"24151","B5","G6350","S",24151,0.544313,0.685399
694,40.052395,"24092","B5","G6350","S",24092,-0.665708,0.545460
695,40.487610,"24184","B5","G6350","S",24184,1.186216,0.443987
696,16.362379,"24176","B5","G6350","S",24176,2.097626,0.499348
697,61.646854,"24067","B5","G6350","S",24067,-0.293889,0.586609
698,20.592146,"23055","B5","G6350","S",23055,0.082330,0.582935
699,124.695961,"22963","B5","G6350","S",22963,0.184407,0.628225
700,22.179539,"23022","B5","G6350","S",,,
701,180.533310,"22485","B5","G6350","S",22485,0.319383,0.642582
702,4.072028,"22448","B5","G6350","S",22448,1.587086,0.599369
703,3.508157,"23221","B5","G6350","S",23221,-1.207656,0.559934
704,1.462483,"23219","B5","G6350","S",23219,-1.360707,0.704594
705,0.060515,"23298","B5","G6350","S",,,
706,4.908008,"23220","B5","G6350","S",23220,-1.061775,0.551481
707,72.228363,"22842","B5","G6350","S",22842,0.500296,0.686118
708,39.071217,"22644","B5","G6350","S",22644,0.276718,0.619594
709,70.412605,"22652","B5","G6350","S",,,
710,85.986969,"22824","B5","G6350","S",22824,0.461151,0.680847
711,20.804667,"22847","B5","G6350","S",,,
712,0.232253,"22626","B5","G6350","S",,,
713,64.675781,"22657","B5","G6350","S",22657,-0.108203,0.548240
714,9.333385,"22660","B5","G6350","S",22660,-1.637936,0.630679
715,49.925663,"22664","B5","G6350","S",22664,0.695873,0.616869
716,3.912683,"22641","B5","G6350","S",,,
717,1.141752,"22845","B5","G6350","S",,,
718,24.214048,"22810","B5","G6350","S",22810,1.330051,0.573248
719,86.799179,"24301","B5","G6350","S",24301,-0.390328,0.662276
720,3.656804,"24058","B5","G6350","S",24058,-1.304952,0.873293
721,87.052803,"24084","B5","G6350","S",24084,0.560125,0.548468
722,11.764682,"24132","B5","G6350","S",,,
723,32.164112,"22534","B5","G6350","S",22534,-0.148436,0.817355
724,212.828415,"22553","B5","G6350","S",22553,0.261903,0.658894
725,54.498028,"20135","B5","G6350","S",20135,0.929136,0.482084
726,3.189952,"22646","B5","G6350","S",22646,0.241698,0.446390
727,81.331970,"22611","B5","G6350","S",22611,-0.486628,0.534740
728,45.275871,"22620","B5","G6350","S",22620,0.278024,0.601279
729,79.757545,"23009","B5","G6350","S",23009,1.362384,0.436886
730,27.031792,"23106","B5","G6350","S",23106,-0.219500,0.415076
731,18.195881,"23079","B5","G6350","S",,,
732,9.738158,"23092","B5","G6350","S",23092,-1.675011,0.589915
733,9.981735,"23071","B5","G6350","S",23071,-0.257966,0.900248
734,8.413510,"23169","B5","G6350","S",,,
735,5.680735,"23176","B5","G6350","S",23176,0.033746,0.726622
736,13.805877,"23175","B5","G6350","S",23175,-0.456676,0.811377
737,1.971875,"23070","B5","G6350","S",23070,-2.139967,0.423554
738,15.273448,"23180","B5","G6350","S",,,
739,8.660258,"23043","B5","G6350","S",23043,-0.144755,0.750811
740,0.335339,"23186","B5","G6350","S",23186,-1.173344,0.955334
741,4.062621,"23230","B5","G6350","S",23230,-0.324226,0.718248
742,4.552619,"23075","B5","G6350","S",23075,-0.680426,0.643306
743,33.875263,"23150","B5","G6350","S",23150,0.649178,0.603611
744,11.791355,"23227","B5","G6350","S",23227,-0.088029,0.505997
745,3.206977,"232HH","B5","G6350","S",,,
746,14.794913,"23060","B5","G6350","S",23060,-0.270229,0.592584
747,11.502729,"23228","B5","G6350","S",23228,0.207043,0.591266
748,13.435163,"23229","B5","G6350","S",23229,-0.006302,0.518964
749,17.376316,"23223","B5","G6350","S",23223,-0.863537,0.611564
750,6.129595,"23226","B5","G6350","S",23226,-0.149229,0.706483
751,8.222736,"23222","B5","G6350","S",23222,-1.023090,0.658609
752,4.095059,"23294","B5","G6350","S",23294,0.005126,0.609337
753,79.422050,"23086","B5","G6350","S",23086,0.273899,0.574114
754,82.610893,"22815","B5","G6350","S",22815,-0.338680,0.639954
755,35.070976,"22853","B5","G6350","S",22853,0.813770,0.555948
756,21.072836,"22840","B5","G6350","S",22840,0.944398,0.621258
757,12.592946,"22850","B5","G6350","S",22850,1.212496,0.932037
758,14.420326,"22832","B5","G6350","S",22832,0.509693,0.824995
759,61.867664,"22821","B5","G6350","S",22821,0.606907,0.586964
760,7.075146,"22846","B5","G6350","S",22846,2.234369,0.439051
761,49.687531,"22844","B5","G6350","S",22844,0.042711,0.668653
762,84.525917,"22802","B5","G6350","S",22802,-0.039791,0.667369
763,31.541866,"22801","B5","G6350","S",22801,0.003237,0.630569
764,18.763275,"24471","B5","G6350","S",24471,0.826446,0.712735
765,23.595751,"22834","B5","G6350","S",22834,-1.255681,0.506731
766,26.730350,"22811","B5","G6350","S",,,
767,40.687332,"22820","B5","G6350","S",,,
768,1.195483,"228HH","B5","G6350","S",,,
769,58.334087,"22830","B5","G6350","S",22830,0.206198,0.390078
770,0.075533,"244XX","B5","G6350","S",,,
771,61.445805,"22831","B5","G6350","S",,,
772,37.587196,"23438","B5","G6350","S",23438,1.748210,0.559244
773,11.252882,"23432","B5","G6350","S",23432,1.085370,0.621397
774,2.201930,"23433","B5","G6350","S",,,
775,209.708740,"23434","B5","G6350","S",23434,0.006324,0.606323
776,102.847252,"23437","B5","G6350","S",23437,0.149430,0.651582
777,39.810310,"23435","B5","G6350","S",23435,0.065670,0.539821
778,1.906782,"23436","B5","G6350","S",23436,0.206331,1.183077
779,5.190186,"23025","B5","G6350","S",,,
780,16.916586,"23035","B5","G6350","S",23035,1.950817,0.489794
781,1.743032,"23066","B5","G6350","S",,,
782,4.091653,"23045","B5","G6350","S",23045,0.000876,1.392097
783,0.552412,"23064","B5","G6350","S",,,
784,10.105300,"23138","B5","G6350","S",23138,0.818496,0.936658
785,20.433401,"23109","B5","G6350","S",23109,0.344109,0.771841
786,1.350704,"23163","B5","G6350","S",,,
787,5.404406,"23056","B5","G6350","S",,,
788,0.589431,"23125","B5","G6350","S",,,
789,1.372952,"23068","B5","G6350","S",,,
790,3.092587,"23021","B5","G6350","S",,,
791,2.408278,"23119","B5","G6350","S",,,
792,1.531103,"23130","B5","G6350","S",23130,1.891684,0.498218
793,3.190958,"23076","B5","G6350","S",23076,-0.176451,1.037555
794,111.892532,"22473","B5","G6350","S",22473,-1.196558,0.897878
795,26.432226,"22435","B5","G6350","S",22435,-1.092964,0.527700
796,4.236683,"22432","B5","G6350","S",,,
797,18.054396,"22539","B5","G6350","S",22539,-0.044015,0.627224
798,0.174709,"22579","B5","G6350","S",,,
799,13.963455,"22511","B5","G6350","S",,,
800,1.227989,"22722","B5","G6350","S",22722,-0.596681,0.707515
801,60.895538,"227XX","B5","G6350","S",,,
802,1.773581,"22989","B5","G6350","S",22989,1.150525,0.718121
803,19.518667,"22743","B5","G6350","S",,,
804,2.525082,"22731","B5","G6350","S",,,
805,7.178580,"22719","B5","G6350","S",,,
806,8.445043,"22948","B5","G6350","S",,,
807,18.039125,"22715","B5","G6350","S",22715,0.419354,0.376194
808,94.642036,"22727","B5","G6350","S",22727,-0.190472,0.661386
809,5.381124,"22730","B5","G6350","S",,,
810,11.509640,"22709","B5","G6350","S",22709,-1.799082,0.660974
811,26.754526,"22738","B5","G6350","S",22738,-1.301038,0.560398
812,5.904675,"22711","B5","G6350","S",,,
813,4.921663,"22732","B5","G6350","S",,,
814,3.796623,"22723","B5","G6350","S",,,
815,54.827702,"22405","B5","G6350","S",22405,0.312706,0.604973
816,5.351779,"23664","B5","G6350","S",23664,0.377558,0.512666
817,4.850022,"23661","B5","G6350","S",23661,-0.623884,0.538369
818,3.674505,"23605","B5","G6350","S",23605,0.323271,0.589889
819,3.033730,"23663","B5","G6350","S",23663,-0.144284,0.620406
820,0.731387,"23651","B5","G6350","S",23651,0.761113,0.460272
821,11.889294,"23669","B5","G6350","S",23669,-0.137717,0.668459
822,20.745058,"23666","B5","G6350","S",23666,-0.082595,0.579143
823,59.081848,"24361","B5","G6350","S",24361,0.403132,0.787242
824,53.924408,"24236","B5","G6350","S",24236,0.171827,0.804889
825,0.770285,"24327","B5","G6350","S",,,
826,65.418701,"24340","B5","G6350","S",24340,0.554015,0.521160
827,14.249741,"24270","B5","G6350","S",24270,0.163274,0.481221
828,79.904419,"24211","B5","G6350","S",24211,-0.202625,0.657052
829,30.773285,"23879","B5","G6350","S",,,
830,34.617138,"23233","B5","G6350","S",23233,-0.255872,0.615996
831,10.123823,"23153","B5","G6350","S",23153,0.636788,0.465800
832,6.055405,"23129","B5","G6350","S",23129,-0.124253,0.535566
833,104.966446,"23063","B5","G6350","S",23063,-0.744788,0.587491
834,16.084778,"23039","B5","G6350","S",,,
835,39.205620,"23103","B5","G6350","S",23103,0.946659,0.535067
836,22.281876,"229XX","B5","G6350","S",,,
837,73.140541,"22973","B5","G6350","S",22973,-0.134457,0.478220
838,24.946106,"23126","B5","G6350","S",23126,-0.920165,0.844498
839,41.671364,"23085","B5","G6350","S",,,
840,23.016296,"23032","B5","G6350","S",,,
841,10.027995,"23161","B5","G6350","S",23161,-0.161163,0.400396
842,22.915169,"23091","B5","G6350","S",,,
843,35.833996,"23177","B5","G6350","S",,,
844,11.704625,"23023","B5","G6350","S",23023,-0.431246,0.791823
845,13.870541,"23110","B5","G6350","S",,,
846,42.219151,"23156","B5","G6350","S",23156,0.448894,0.722654
847,13.747015,"23108","B5","G6350","S",,,
848,7.785511,"24316","B5","G6350","S",,,
849,40.836365,"24311","B5","G6350","S",24311,-0.472880,1.025476
850,63.438469,"24375","B5","G6350","S",24375,-0.179394,0.550108
851,73.648979,"24319","B5","G6350","S",24319,-0.166285,0.708707
852,114.714020,"24354","B5","G6350","S",24354,0.529874,0.622077
853,153.201019,"24370","B5","G6350","S",24370,0.172251,0.668799
854,51.831882,"24277","B5","G6350","S",24277,-0.434359,0.674324
855,51.916706,"24281","B5","G6350","S",,,
856,109.628105,"24263","B5","G6350","S",24263,-0.471779,0.588257
857,1.505605,"24218","B5","G6350","S",24218,-0.061982,0.504721
858,55.409931,"24248","B5","G6350","S",24248,1.391343,0.756549
859,171.632217,"24244","B5","G6350","S",24244,0.106925,0.704550
860,54.620205,"24221","B5","G6350","S",,,
861,28.450182,"24243","B5","G6350","S",24243,-0.027018,0.696138
862,34.420570,"24265","B5","G6350","S",,,
863,38.666744,"24578","B5","G6350","S",24578,0.020446,0.633193
864,33.257172,"24579","B5","G6350","S",24579,0.061209,0.396477
865,61.407753,"24473","B5","G6350","S",24473,1.758023,0.641680
866,0.916005,"24415","B5","G6350","S",,,
867,66.581490,"24416","B5","G6350","S",24416,0.750027,0.668948
868,19.600473,"24555","B5","G6350","S",24555,-1.037074,0.820790
869,27.023733,"24435","B5","G6350","S",,,
870,4.867149,"22480","B5","G6350","S",22480,0.674930,0.461986
871,90.048134,"22503","B5","G6350","S",22503,-0.483243,0.436376
872,1.709434,"22507","B5","G6350","S",22507,0.978605,0.413393
873,28.877157,"22482","B5","G6350","S",22482,-0.493801,0.606309
874,18.035254,"22578","B5","G6350","S",22578,0.359454,0.626544
875,10.719630,"22576","B5","G6350","S",22576,1.851921,0.422461
876,9.476533,"20143","B5","G6350","S",20143,0.786887,0.583821
877,21.436077,"22192","B5","G6350","S",22192,-0.075043,0.639257
878,15.536902,"22026","B5","G6350","S",22026,-0.640018,0.608810
879,16.851238,"20111","B5","G6350","S",20111,-0.140214,0.581964
880,12.650348,"20110","B5","G6350","S",20110,0.086631,0.667953
881,18.207214,"22193","B5","G6350","S",22193,0.199469,0.681888
882,16.807116,"22191","B5","G6350","S",22191,-0.491428,0.610739
883,58.631187,"22134","B5","G6350","S",22134,0.791318,0.603734
884,45.650719,"22172","B5","G6350","S",22172,-0.614307,0.643028
885,2.586674,"221HH","B5","G6350","S",,,
886,16.768774,"20136","B5","G6350","S",20136,0.698194,0.528484
887,25.493166,"20155","B5","G6350","S",20155,0.195136,0.579222
888,0.059893,"22125","B5","G6350","S",22125,0.822191,0.423687
889,20.042515,"20109","B5","G6350","S",20109,-0.315381,0.569148
890,34.209377,"20112","B5","G6350","S",20112,0.179231,0.579873
891,32.210773,"20169","B5","G6350","S",20169,0.373244,0.568643
892,17.820374,"24282","B5","G6350","S",,,
893,25.349424,"23405","B5","G6350","S",23405,-0.440119,0.919935
894,5.976476,"23354","B5","G6350","S",,,
895,113.592628,"23310","B5","G6350","S",23310,-0.242455,0.701626
896,7.828181,"23307","B5","G6350","S",23307,-1.754858,0.568540
897,1.126409,"23347","B5","G6350","S",23347,-1.310567,0.548497
898,0.194055,"23316","B5","G6350","S",23316,0.352561,0.418292
899,30.981762,"23350","B5","G6350","S",23350,0.508075,0.564541
900,25.635273,"23413","B5","G6350","S",23413,0.671967,0.518604
901,44.741024,"23860","B5","G6350","S",23860,-0.104574,0.610736
902,31.773270,"23875","B5","G6350","S",23875,-0.108448,0.640452
903,8.998401,"23801","B5","G6350","S",23801,-0.700623,0.458998
904,87.515587,"22851","B5","G6350","S",22851,0.236708,0.616725
905,129.888397,"22835","B5","G6350","S",22835,-0.393101,0.581108
906,33.018372,"22849","B5","G6350","S",22849,0.078356,0.790122
907,142.758774,"22827","B5","G6350","S",22827,0.130455,0.693991
908,30.783501,"22650","B5","G6350","S",22650,0.782628,0.579619
909,0.093682,"24020","B5","G6350","S",24020,-1.479506,0.584234
910,13.891830,"24059","B5","G6350","S",24059,-1.359739,0.836813
911,40.064259,"22747","B5","G6350","S",22747,0.599778,0.585119
912,24.089657,"22627","B5","G6350","S",,,
913,34.334415,"22716","B5","G6350","S",,,
914,21.113676,"22640","B5","G6350","S",,,
915,20.654453,"22749","B5","G6350","S",,,
916,15.386443,"23662","B5","G6350","S",23662,0.787965,0.613498
917,35.153038,"20105","B5","G6350","S",20105,-0.414185,0.586954
918,9.178539,"20148","B5","G6350","S",20148,-0.221736,0.539238
919,0.200281,"217HH","B5","G6350","S",,,
920,22.797262,"20141","B5","G6350","S",20141,0.076701,0.630553
921,7.300044,"20164","B5","G6350","S",20164,0.134844,0.592744
922,44.781506,"20180","B5","G6350","S",20180,0.662823,0.552510
923,29.661093,"20152","B5","G6350","S",20152,0.195047,0.562010
924,65.536163,"20175","B5","G6350","S",20175,-0.063296,0.665954
925,57.260693,"20176","B5","G6350","S",20176,-0.294342,0.569278
926,15.831455,"20166","B5","G6350","S",20166,-0.714106,0.555492
927,10.053158,"20165","B5","G6350","S",20165,-0.002573,0.652132
928,86.948059,"20132","B5","G6350","S",20132,0.119217,0.592744
929,13.369802,"20197","B5","G6350","S",,,
930,28.112654,"20147","B5","G6350","S",20147,-0.178991,0.621468
931,1.549094,"20129","B5","G6350","S",,,
932,13.337636,"20158","B5","G6350","S",20158,-0.582819,0.519910
933,30.975365,"23168","B5","G6350","S",23168,1.096530,0.623788
934,174.884567,"24465","B5","G6350","S",24465,-0.900901,1.029782
935,63.994007,"24442","B5","G6350","S",,,
936,37.045513,"24413","B5","G6350","S",,,
937,90.829124,"24458","B5","G6350","S",,,
938,15.400872,"24433","B5","G6350","S",24433,1.473994,0.438979
939,3.218028,"22954","B5","G6350","S",,,
940,37.783951,"22976","B5","G6350","S",22976,-0.692308,1.307246
941,68.269928,"22971","B5","G6350","S",22971,-1.656133,0.643467
942,3.031945,"24581","B5","G6350","S",,,
943,19.074350,"24464","B5","G6350","S",,,
944,2.311975,"22964","B5","G6350","S",,,
945,41.072750,"22949","B5","G6350","S",22949,1.041190,0.787344
946,137.985977,"24210","B5","G6350","S",24210,0.743506,0.614509
947,136.169617,"24202","B5","G6350","S",24202,0.761374,0.500959
948,10.058254,"24201","B5","G6350","S",24201,-0.167826,0.673438
949,52.609360,"22610","B5","G6350","S",22610,0.980661,0.720125
950,13.300849,"23602","B5","G6350","S",23602,0.219942,0.570710
951,5.561047,"23607","B5","G6350","S",23607,-0.192052,0.605680
952,9.566146,"23606","B5","G6350","S",23606,-0.265870,0.582875
953,11.646557,"23604","B5","G6350","S",23604,-0.876208,0.699668
954,9.954752,"23608","B5","G6350","S",23608,-0.338017,0.589374
955,7.553007,"23601","B5","G6350","S",23601,-0.334471,0.661323
956,7.228485,"23603","B5","G6350","S",23603,0.978875,0.800862
957,8.457777,"23518","B5","G6350","S",23518,0.115117,0.543332
958,4.118976,"23504","B5","G6350","S",23504,-0.353699,0.623808
959,1.184383,"23510","B5","G6350","S",23510,-1.856362,0.552655
960,7.985633,"23505","B5","G6350","S",23505,-0.158235,0.591712
961,9.589802,"23503","B5","G6350","S",23503,-0.346498,0.551134
962,2.572040,"23509","B5","G6350","S",23509,-0.210307,0.547570
963,2.148072,"23523","B5","G6350","S",23523,0.004437,0.532431
964,0.820869,"23517","B5","G6350","S",23517,0.069880,0.504383
965,2.885628,"23508","B5","G6350","S",23508,-0.496617,0.559592
966,8.553501,"23502","B5","G6350","S",23502,-0.546680,0.575860
967,4.977327,"23513","B5","G6350","S",23513,-0.203912,0.564503
968,1.524778,"23507","B5","G6350","S",23507,-0.133022,0.705883
969,31.529932,"24377","B5","G6350","S",24377,2.128544,0.480195
970,24.184385,"24637","B5","G6350","S",24637,1.041361,0.673462
971,8.103063,"24601","B5","G6350","S",,,
972,141.509232,"24651","B5","G6350","S",24651,-0.041481,0.704972
973,74.395248,"24605","B5","G6350","S",24605,0.423727,0.734338
974,21.765488,"24641","B5","G6350","S",24641,0.872470,0.599551
975,5.101956,"24635","B5","G6350","S",,,
976,4.987951,"24606","B5","G6350","S",,,
977,3.704942,"24604","B5","G6350","S",,,
978,37.530117,"24602","B5","G6350","S",24602,-0.590685,1.294055
979,1.002012,"24612","B5","G6350","S",,,
980,16.527378,"24613","B5","G6350","S",,,
981,51.411514,"24630","B5","G6350","S",24630,-0.259782,0.597697
982,7.700562,"24290","B5","G6350","S",24290,0.104296,0.559446
983,115.779350,"24251","B5","G6350","S",24251,-0.067431,0.645540
984,63.424770,"24245","B5","G6350","S",24245,2.117005,0.440590
985,0.273716,"37642","B5","G6350","S",37642,-0.201595,0.710640
986,32.604988,"24258","B5","G6350","S",24258,2.242180,0.410619
987,62.304714,"24271","B5","G6350","S",24271,0.885863,0.678098
988,56.718903,"24250","B5","G6350","S",24250,1.611125,0.415171
989,0.000801,"272HH","B5","G6350","S",,,
990,0.000427,"273HH","B5","G6350","S",,,
991,0.027612,"27862","B5","G6350","S",,,
992,0.003895,"27876","B5","G6350","S",27876,0.950656,0.525308
993,0.024366,"27866","B5","G6350","S",,,
994,0.002557,"27853","B5","G6350","S",27853,0.748855,1.242286
995,0.000999,"27831","B5","G6350","S",27831,-0.747137,0.470658
996,0.022547,"27832","B5","G6350","S",27832,2.023907,0.460333
997,0.003863,"27551","B5","G6350","S",27551,-0.615484,1.382574
998,0.005917,"27589","B5","G6350","S",27589,-0.324276,0.686086
999,0.000811,"27536","B5","G6350","S",27536,-0.110816,0.639691
1000,0.032123,"27842","B5","G6350","S",27842,0.137192,0.470866
1001,0.013983,"27850","B5","G6350","S",27850,0.129742,0.787883
1002,0.000399,"27563","B5","G6350","S",27563,-0.827647,0.970217
1003,0.008777,"27553","B5","G6350","S",27553,-0.257579,0.410021
1004,0.005856,"279HH","B5","G6350","S",,,
1005,0.053395,"27288","B5","G6350","S",27288,0.165204,0.606749
1006,0.002539,"27311","B5","G6350","S",27311,-0.889728,0.547792
1007,0.003570,"27326","B5","G6350","S",27326,-0.159413,0.588346
1008,0.002638,"278HH","B5","G6350","S",,,
1009,0.000141,"275HH","B5","G6350","S",,,
1010,0.003033,"27573","B5","G6350","S",27573,-0.322028,0.660806
1011,0.003250,"27565","B5","G6350","S",27565,0.003340,0.649944
1012,0.020807,"27507","B5","G6350","S",,,
1013,0.010197,"27976","B5","G6350","S",27976,0.758504,0.456700
1014,0.000295,"27315","B5","G6350","S",27315,0.045771,0.832335
1015,0.001885,"27343","B5","G6350","S",,,
1016,0.001341,"27305","B5","G6350","S",27305,-0.927804,0.629083
1017,0.022688,"27818","B5","G6350","S",27818,0.399250,0.690182
1018,0.002649,"27927","B5","G6350","S",27927,0.240647,0.472964
1019,0.006634,"27950","B5","G6350","S",27950,0.516858,0.619762
1020,0.000794,"27958","B5","G6350","S",27958,-0.032217,0.644221
1021,0.008540,"27926","B5","G6350","S",,,
1022,0.007931,"27937","B5","G6350","S",27937,-1.693690,0.476083
1023,0.004895,"28663","B5","G6350","S",,,
1024,0.003596,"27024","B5","G6350","S",27024,0.119234,0.676561
1025,0.000976,"28623","B5","G6350","S",,,
1026,0.045205,"28675","B5","G6350","S",28675,0.022378,0.568161
1027,0.005579,"27022","B5","G6350","S",27022,-1.386167,0.566439
1028,0.013140,"27030","B5","G6350","S",27030,0.194012,0.650083
1029,0.010443,"28631","B5","G6350","S",,,
1030,0.013185,"28643","B5","G6350","S",28643,-0.555163,0.698156
1031,0.038213,"20693","B5","G6350","S",,,
1032,0.000254,"20664","B5","G6350","S",20664,0.027762,0.755746
1033,0.313080,"206HH","B5","G6350","S",,,
1034,0.041282,"20680","B5","G6350","S",20680,0.402609,0.891819
1035,0.077930,"218HH","B5","G6350","S",,,
1036,0.004314,"21758","B5","G6350","S",21758,-2.099296,0.447794
1037,0.000007,"37617","B5","G6350","S",37617,0.761760,0.641472
1038,0.022866,"37620","B5","G6350","S",37620,0.359000,0.624848
1039,0.016193,"37660","B5","G6350","S",37660,0.448357,0.586260
1040,0.041122,"203XX","B5","G6350","S",,,
1041,0.122713,"207HH","B5","G6350","S",,,
1042,0.002149,"20024","B5","G6350","S",20024,-1.309668,0.573139
1043,0.101053,"200HH","B5","G6350","S",,,
1044,0.004224,"21838","B5","G6350","S",21838,-0.984454,0.540847
1045,0.004380,"21824","B5","G6350","S",,,
1046,0.008424,"21790","B5","G6350","S",,,
1047,0.008186,"21777","B5","G6350","S",21777,-0.679838,0.789123
1048,0.397939,"208HH","B5","G6350","S",,,
1049,0.001175,"20854","B5","G6350","S",20854,-0.679062,0.590261
1050,0.000507,"21851","B5","G6350","S",21851,0.017150,0.612671
1051,0.001117,"21864","B5","G6350","S",21864,0.202414,0.402626
1052,0.005284,"37869","B5","G6350","S",37869,-0.014332,0.692935
1053,0.006408,"37879","B5","G6350","S",37879,-0.186432,0.690057
1054,0.009242,"37752","B5","G6350","S",37752,-0.208808,0.750932
1055,0.005238,"37724","B5","G6350","S",37724,1.758057,0.496499
1056,0.000327,"37731","B5","G6350","S",37731,0.446101,0.386210
1057,0.012421,"37765","B5","G6350","S",37765,1.576849,0.836820
1058,0.000794,"37873","B5","G6350","S",37873,0.708168,0.685487
1059,0.001574,"37683","B5","G6350","S",37683,-0.268273,0.637609
1060,0.003244,"37680","B5","G6350","S",,,
