"","State","Base.Year","JCTC_Dum","ITC_Dum","RDC_Dum","PTA_Dum","CJTS_Dum","JCTC_DumState","ITC_DumState","RDC_DumState","PTA_DumState","CJTS_DumState"
"1","AL",1990,0,0,0,0,19,0,0,0,0,1
"2","AZ",1990,0,0,0,0,0,0,0,0,0,0
"3","CA",1990,0,0,43,0,31,0,0,1,0,1
"4","CO",1990,0,0,0,0,31,0,0,0,0,1
"5","CT",1990,0,0,0,19,0,0,0,0,1,0
"6","DC",1990,0,0,0,0,0,0,0,0,0,0
"7","FL",1990,0,0,0,0,0,0,0,0,0,0
"8","GA",1990,0,0,0,0,31,0,0,0,0,1
"9","IA",1990,31,0,43,0,31,1,0,1,0,1
"10","IL",1990,0,32,0,19,0,0,1,0,1,0
"11","IN",1990,0,0,43,19,0,0,0,1,1,0
"12","KY",1990,0,0,0,19,31,0,0,0,1,1
"13","LA",1990,0,0,0,19,0,0,0,0,1,0
"14","MA",1990,0,19,0,0,0,0,1,0,0,0
"15","MD",1990,0,0,0,0,0,0,0,0,0,0
"16","MI",1990,0,0,0,31,0,0,0,0,1,0
"17","MN",1990,0,0,30,0,45,0,0,1,0,1
"18","MO",1990,0,0,0,0,0,0,0,0,0,0
"19","NC",1990,0,0,0,0,19,0,0,0,0,1
"20","NE",1990,30,31,0,0,31,1,1,0,0,1
"21","NJ",1990,0,0,0,0,0,0,0,0,0,0
"22","NM",1990,0,0,0,31,31,0,0,0,1,1
"23","NV",1990,0,0,0,0,45,0,0,0,0,1
"24","NY",1990,0,19,0,31,0,0,1,0,1,0
"25","OH",1990,0,0,0,45,0,0,0,0,1,0
"26","OR",1990,0,0,43,0,0,0,0,1,0,0
"27","PA",1990,0,0,0,0,31,0,0,0,0,1
"28","SC",1990,0,0,0,19,31,0,0,0,1,1
"29","TN",1990,0,0,0,0,31,0,0,0,0,1
"30","TX",1990,0,0,0,45,0,0,0,0,1,0
"31","VA",1990,0,0,0,0,31,0,0,0,0,1
"32","WA",1990,0,0,0,0,45,0,0,0,0,1
"33","WI",1990,0,0,43,0,0,0,0,1,0,0
"34","AL",1991,0,0,0,0,19,0,0,0,0,1
"35","AZ",1991,0,0,0,0,0,0,0,0,0,0
"36","CA",1991,0,0,43,0,31,0,0,1,0,1
"37","CO",1991,0,0,0,0,31,0,0,0,0,1
"38","CT",1991,0,0,0,19,0,0,0,0,1,0
"39","DC",1991,0,0,0,0,0,0,0,0,0,0
"40","FL",1991,0,0,0,0,0,0,0,0,0,0
"41","GA",1991,0,0,0,0,31,0,0,0,0,1
"42","IA",1991,31,0,43,0,31,1,0,1,0,1
"43","IL",1991,0,32,43,19,0,0,1,1,1,0
"44","IN",1991,0,0,43,19,0,0,0,1,1,0
"45","KY",1991,0,0,0,19,31,0,0,0,1,1
"46","LA",1991,0,0,0,19,0,0,0,0,1,0
"47","MA",1991,0,19,43,0,0,0,1,1,0,0
"48","MD",1991,0,0,0,0,0,0,0,0,0,0
"49","MI",1991,0,0,0,31,0,0,0,0,1,0
"50","MN",1991,0,0,30,0,45,0,0,1,0,1
"51","MO",1991,0,0,0,0,0,0,0,0,0,0
"52","NC",1991,0,0,0,0,19,0,0,0,0,1
"53","NE",1991,30,31,0,0,31,1,1,0,0,1
"54","NJ",1991,0,0,0,0,0,0,0,0,0,0
"55","NM",1991,0,0,0,31,31,0,0,0,1,1
"56","NV",1991,0,0,0,0,45,0,0,0,0,1
"57","NY",1991,0,19,0,31,0,0,1,0,1,0
"58","OH",1991,0,0,0,45,0,0,0,0,1,0
"59","OR",1991,0,0,43,0,0,0,0,1,0,0
"60","PA",1991,0,0,0,0,31,0,0,0,0,1
"61","SC",1991,0,0,0,19,31,0,0,0,1,1
"62","TN",1991,0,0,0,0,31,0,0,0,0,1
"63","TX",1991,0,0,0,45,0,0,0,0,1,0
"64","VA",1991,0,0,0,0,31,0,0,0,0,1
"65","WA",1991,0,0,0,0,45,0,0,0,0,1
"66","WI",1991,0,0,43,0,0,0,0,1,0,0
"67","AL",1992,0,0,0,31,19,0,0,0,1,1
"68","AZ",1992,0,0,43,0,0,0,0,1,0,0
"69","CA",1992,0,0,43,0,31,0,0,1,0,1
"70","CO",1992,0,0,0,0,31,0,0,0,0,1
"71","CT",1992,0,0,0,19,0,0,0,0,1,0
"72","DC",1992,0,0,0,0,0,0,0,0,0,0
"73","FL",1992,0,0,0,0,0,0,0,0,0,0
"74","GA",1992,0,0,0,0,31,0,0,0,0,1
"75","IA",1992,31,0,43,0,31,1,0,1,0,1
"76","IL",1992,0,32,43,19,0,0,1,1,1,0
"77","IN",1992,0,0,43,19,0,0,0,1,1,0
"78","KY",1992,0,31,0,19,31,0,1,0,1,1
"79","LA",1992,0,0,0,19,0,0,0,0,1,0
"80","MA",1992,0,19,43,0,0,0,1,1,0,0
"81","MD",1992,0,0,0,0,0,0,0,0,0,0
"82","MI",1992,0,0,0,31,19,0,0,0,1,1
"83","MN",1992,0,0,30,0,45,0,0,1,0,1
"84","MO",1992,0,0,0,0,45,0,0,0,0,1
"85","NC",1992,0,0,0,0,19,0,0,0,0,1
"86","NE",1992,30,31,0,0,31,1,1,0,0,1
"87","NJ",1992,0,0,0,0,0,0,0,0,0,0
"88","NM",1992,0,0,0,31,31,0,0,0,1,1
"89","NV",1992,0,0,0,0,45,0,0,0,0,1
"90","NY",1992,0,19,0,31,0,0,1,0,1,0
"91","OH",1992,0,0,0,45,0,0,0,0,1,0
"92","OR",1992,0,0,43,0,0,0,0,1,0,0
"93","PA",1992,0,0,0,0,31,0,0,0,0,1
"94","SC",1992,0,0,0,19,31,0,0,0,1,1
"95","TN",1992,0,0,0,0,31,0,0,0,0,1
"96","TX",1992,0,0,0,45,0,0,0,0,1,0
"97","VA",1992,0,0,0,0,31,0,0,0,0,1
"98","WA",1992,0,0,0,0,45,0,0,0,0,1
"99","WI",1992,0,0,43,0,0,0,0,1,0,0
"100","AL",1993,0,0,0,31,19,0,0,0,1,1
"101","AZ",1993,0,0,43,0,0,0,0,1,0,0
"102","CA",1993,0,0,43,0,31,0,0,1,0,1
"103","CO",1993,0,0,0,0,31,0,0,0,0,1
"104","CT",1993,0,0,45,19,0,0,0,1,1,0
"105","DC",1993,0,0,0,0,0,0,0,0,0,0
"106","FL",1993,0,0,0,0,31,0,0,0,0,1
"107","GA",1993,0,0,0,0,31,0,0,0,0,1
"108","IA",1993,31,0,43,0,31,1,0,1,0,1
"109","IL",1993,0,32,43,19,31,0,1,1,1,1
"110","IN",1993,0,0,43,19,0,0,0,1,1,0
"111","KY",1993,0,31,0,19,31,0,1,0,1,1
"112","LA",1993,0,0,0,19,0,0,0,0,1,0
"113","MA",1993,0,19,43,0,0,0,1,1,0,0
"114","MD",1993,0,0,0,0,0,0,0,0,0,0
"115","MI",1993,0,0,0,31,19,0,0,0,1,1
"116","MN",1993,0,0,30,0,45,0,0,1,0,1
"117","MO",1993,0,0,0,0,45,0,0,0,0,1
"118","NC",1993,0,0,0,0,19,0,0,0,0,1
"119","NE",1993,30,31,0,0,31,1,1,0,0,1
"120","NJ",1993,0,0,0,0,31,0,0,0,0,1
"121","NM",1993,0,0,0,31,31,0,0,0,1,1
"122","NV",1993,0,0,0,0,45,0,0,0,0,1
"123","NY",1993,0,19,0,31,0,0,1,0,1,0
"124","OH",1993,31,0,0,45,0,1,0,0,1,0
"125","OR",1993,0,0,43,0,0,0,0,1,0,0
"126","PA",1993,0,0,0,0,31,0,0,0,0,1
"127","SC",1993,0,0,0,19,31,0,0,0,1,1
"128","TN",1993,0,0,0,0,31,0,0,0,0,1
"129","TX",1993,0,0,0,45,0,0,0,0,1,0
"130","VA",1993,0,0,0,0,31,0,0,0,0,1
"131","WA",1993,0,0,0,0,45,0,0,0,0,1
"132","WI",1993,0,0,43,0,0,0,0,1,0,0
"133","AL",1994,0,0,0,31,19,0,0,0,1,1
"134","AZ",1994,0,0,43,0,0,0,0,1,0,0
"135","CA",1994,0,19,43,0,31,0,1,1,0,1
"136","CO",1994,0,0,0,0,31,0,0,0,0,1
"137","CT",1994,0,0,45,19,0,0,0,1,1,0
"138","DC",1994,0,0,0,0,0,0,0,0,0,0
"139","FL",1994,0,0,0,0,31,0,0,0,0,1
"140","GA",1994,0,0,0,0,31,0,0,0,0,1
"141","IA",1994,24,31,43,45,31,1,1,1,1,1
"142","IL",1994,0,32,43,19,31,0,1,1,1,1
"143","IN",1994,31,0,43,19,0,1,0,1,1,0
"144","KY",1994,0,31,0,19,31,0,1,0,1,1
"145","LA",1994,0,0,0,19,0,0,0,0,1,0
"146","MA",1994,0,19,43,0,0,0,1,1,0,0
"147","MD",1994,0,0,0,0,0,0,0,0,0,0
"148","MI",1994,0,0,0,31,19,0,0,0,1,1
"149","MN",1994,0,0,30,0,45,0,0,1,0,1
"150","MO",1994,0,0,0,0,45,0,0,0,0,1
"151","NC",1994,0,0,0,0,19,0,0,0,0,1
"152","NE",1994,30,31,0,0,31,1,1,0,0,1
"153","NJ",1994,0,19,43,0,31,0,1,1,0,1
"154","NM",1994,0,0,0,31,31,0,0,0,1,1
"155","NV",1994,0,0,0,0,45,0,0,0,0,1
"156","NY",1994,0,19,0,31,0,0,1,0,1,0
"157","OH",1994,31,0,0,45,0,1,0,0,1,0
"158","OR",1994,0,0,43,0,0,0,0,1,0,0
"159","PA",1994,0,0,0,0,31,0,0,0,0,1
"160","SC",1994,0,0,0,19,31,0,0,0,1,1
"161","TN",1994,0,0,0,0,31,0,0,0,0,1
"162","TX",1994,0,0,0,45,0,0,0,0,1,0
"163","VA",1994,0,0,0,0,31,0,0,0,0,1
"164","WA",1994,0,0,26,0,45,0,0,1,0,1
"165","WI",1994,0,0,43,0,0,0,0,1,0,0
"166","AL",1995,0,31,0,31,19,0,1,0,1,1
"167","AZ",1995,0,0,43,0,0,0,0,1,0,0
"168","CA",1995,0,19,43,0,31,0,1,1,0,1
"169","CO",1995,0,0,0,0,31,0,0,0,0,1
"170","CT",1995,0,0,45,19,0,0,0,1,1,0
"171","DC",1995,0,0,0,0,0,0,0,0,0,0
"172","FL",1995,31,0,0,0,31,1,0,0,0,1
"173","GA",1995,31,0,0,0,31,1,0,0,0,1
"174","IA",1995,24,31,43,45,31,1,1,1,1,1
"175","IL",1995,0,32,43,19,31,0,1,1,1,1
"176","IN",1995,31,0,43,19,0,1,0,1,1,0
"177","KY",1995,0,31,0,19,31,0,1,0,1,1
"178","LA",1995,0,0,0,19,0,0,0,0,1,0
"179","MA",1995,0,19,43,0,0,0,1,1,0,0
"180","MD",1995,0,0,0,0,0,0,0,0,0,0
"181","MI",1995,31,0,0,31,19,1,0,0,1,1
"182","MN",1995,0,0,30,0,45,0,0,1,0,1
"183","MO",1995,0,0,0,0,45,0,0,0,0,1
"184","NC",1995,0,0,0,0,19,0,0,0,0,1
"185","NE",1995,30,31,0,0,31,1,1,0,0,1
"186","NJ",1995,0,19,43,0,31,0,1,1,0,1
"187","NM",1995,0,0,0,31,31,0,0,0,1,1
"188","NV",1995,0,0,0,0,45,0,0,0,0,1
"189","NY",1995,0,19,0,31,0,0,1,0,1,0
"190","OH",1995,31,19,0,45,0,1,1,0,1,0
"191","OR",1995,0,0,43,0,0,0,0,1,0,0
"192","PA",1995,0,0,0,0,31,0,0,0,0,1
"193","SC",1995,31,31,0,19,31,1,1,0,1,1
"194","TN",1995,0,19,0,0,31,0,1,0,0,1
"195","TX",1995,0,0,0,45,0,0,0,0,1,0
"196","VA",1995,0,0,0,0,31,0,0,0,0,1
"197","WA",1995,0,0,26,0,45,0,0,1,0,1
"198","WI",1995,0,0,43,0,0,0,0,1,0,0
"199","AL",1996,0,31,0,31,19,0,1,0,1,1
"200","AZ",1996,0,0,43,0,0,0,0,1,0,0
"201","CA",1996,0,19,43,0,31,0,1,1,0,1
"202","CO",1996,0,0,0,0,31,0,0,0,0,1
"203","CT",1996,0,0,45,19,0,0,0,1,1,0
"204","DC",1996,0,0,0,0,0,0,0,0,0,0
"205","FL",1996,31,0,0,0,31,1,0,0,0,1
"206","GA",1996,31,0,0,0,31,1,0,0,0,1
"207","IA",1996,24,31,43,45,31,1,1,1,1,1
"208","IL",1996,0,32,43,19,31,0,1,1,1,1
"209","IN",1996,31,0,43,19,0,1,0,1,1,0
"210","KY",1996,0,31,0,19,31,0,1,0,1,1
"211","LA",1996,31,31,0,19,0,1,1,0,1,0
"212","MA",1996,0,19,43,0,0,0,1,1,0,0
"213","MD",1996,31,0,0,0,0,1,0,0,0,0
"214","MI",1996,31,0,0,31,19,1,0,0,1,1
"215","MN",1996,0,0,30,0,45,0,0,1,0,1
"216","MO",1996,0,0,0,0,45,0,0,0,0,1
"217","NC",1996,0,31,30,0,19,0,1,1,0,1
"218","NE",1996,30,31,0,0,31,1,1,0,0,1
"219","NJ",1996,31,19,43,0,31,1,1,1,0,1
"220","NM",1996,0,0,0,31,31,0,0,0,1,1
"221","NV",1996,0,0,0,0,45,0,0,0,0,1
"222","NY",1996,0,19,0,31,0,0,1,0,1,0
"223","OH",1996,31,19,0,45,0,1,1,0,1,0
"224","OR",1996,0,0,43,0,0,0,0,1,0,0
"225","PA",1996,31,0,0,0,31,1,0,0,0,1
"226","SC",1996,31,31,0,19,31,1,1,0,1,1
"227","TN",1996,0,19,0,0,31,0,1,0,0,1
"228","TX",1996,0,0,0,45,32,0,0,0,1,1
"229","VA",1996,31,0,0,0,31,1,0,0,0,1
"230","WA",1996,0,0,26,0,45,0,0,1,0,1
"231","WI",1996,0,0,43,0,0,0,0,1,0,0
"232","AL",1997,0,31,0,31,19,0,1,0,1,1
"233","AZ",1997,0,0,43,0,0,0,0,1,0,0
"234","CA",1997,0,19,43,0,31,0,1,1,0,1
"235","CO",1997,0,0,0,0,31,0,0,0,0,1
"236","CT",1997,0,0,45,19,0,0,0,1,1,0
"237","DC",1997,0,0,0,45,0,0,0,0,1,0
"238","FL",1997,31,0,0,0,31,1,0,0,0,1
"239","GA",1997,31,0,0,0,31,1,0,0,0,1
"240","IA",1997,24,31,43,45,31,1,1,1,1,1
"241","IL",1997,0,32,43,19,31,0,1,1,1,1
"242","IN",1997,31,0,43,19,0,1,0,1,1,0
"243","KY",1997,0,31,0,19,31,0,1,0,1,1
"244","LA",1997,31,31,0,19,0,1,1,0,1,0
"245","MA",1997,0,19,43,0,0,0,1,1,0,0
"246","MD",1997,31,0,0,0,0,1,0,0,0,0
"247","MI",1997,31,0,0,31,19,1,0,0,1,1
"248","MN",1997,0,0,30,0,45,0,0,1,0,1
"249","MO",1997,0,0,0,0,45,0,0,0,0,1
"250","NC",1997,0,31,30,0,19,0,1,1,0,1
"251","NE",1997,30,31,0,0,31,1,1,0,0,1
"252","NJ",1997,31,19,43,0,31,1,1,1,0,1
"253","NM",1997,0,0,0,31,31,0,0,0,1,1
"254","NV",1997,0,0,0,0,45,0,0,0,0,1
"255","NY",1997,0,19,0,31,0,0,1,0,1,0
"256","OH",1997,31,19,0,45,0,1,1,0,1,0
"257","OR",1997,0,0,43,0,0,0,0,1,0,0
"258","PA",1997,45,0,30,0,31,1,0,1,0,1
"259","SC",1997,31,31,0,19,31,1,1,0,1,1
"260","TN",1997,0,19,0,0,31,0,1,0,0,1
"261","TX",1997,0,0,0,45,32,0,0,0,1,1
"262","VA",1997,31,0,0,0,31,1,0,0,0,1
"263","WA",1997,0,0,26,0,45,0,0,1,0,1
"264","WI",1997,0,0,43,0,0,0,0,1,0,0
"265","AL",1998,0,31,0,31,19,0,1,0,1,1
"266","AZ",1998,0,0,43,0,0,0,0,1,0,0
"267","CA",1998,0,19,43,0,31,0,1,1,0,1
"268","CO",1998,0,0,0,0,31,0,0,0,0,1
"269","CT",1998,0,45,45,19,0,0,1,1,1,0
"270","DC",1998,0,0,0,45,0,0,0,0,1,0
"271","FL",1998,31,31,0,0,31,1,1,0,0,1
"272","GA",1998,31,0,7,0,31,1,0,1,0,1
"273","IA",1998,24,31,43,45,31,1,1,1,1,1
"274","IL",1998,0,32,43,19,31,0,1,1,1,1
"275","IN",1998,31,0,43,19,0,1,0,1,1,0
"276","KY",1998,0,31,0,19,31,0,1,0,1,1
"277","LA",1998,31,31,0,19,0,1,1,0,1,0
"278","MA",1998,0,19,43,0,0,0,1,1,0,0
"279","MD",1998,31,0,0,0,0,1,0,0,0,0
"280","MI",1998,31,0,0,31,19,1,0,0,1,1
"281","MN",1998,0,0,30,0,45,0,0,1,0,1
"282","MO",1998,0,0,0,0,45,0,0,0,0,1
"283","NC",1998,0,31,30,0,19,0,1,1,0,1
"284","NE",1998,30,31,0,0,31,1,1,0,0,1
"285","NJ",1998,31,19,43,0,31,1,1,1,0,1
"286","NM",1998,0,0,0,31,31,0,0,0,1,1
"287","NV",1998,0,0,0,0,45,0,0,0,0,1
"288","NY",1998,0,19,0,31,0,0,1,0,1,0
"289","OH",1998,31,19,0,45,0,1,1,0,1,0
"290","OR",1998,0,0,43,0,0,0,0,1,0,0
"291","PA",1998,45,0,30,0,31,1,0,1,0,1
"292","SC",1998,31,31,0,19,31,1,1,0,1,1
"293","TN",1998,0,19,0,0,31,0,1,0,0,1
"294","TX",1998,0,0,0,45,32,0,0,0,1,1
"295","VA",1998,31,0,0,0,31,1,0,0,0,1
"296","WA",1998,0,0,26,0,45,0,0,1,0,1
"297","WI",1998,0,0,43,0,0,0,0,1,0,0
"298","AL",1999,0,31,0,31,19,0,1,0,1,1
"299","AZ",1999,0,0,43,0,0,0,0,1,0,0
"300","CA",1999,0,19,43,0,31,0,1,1,0,1
"301","CO",1999,0,0,0,0,31,0,0,0,0,1
"302","CT",1999,0,45,45,19,0,0,1,1,1,0
"303","DC",1999,0,0,0,45,0,0,0,0,1,0
"304","FL",1999,31,31,0,0,31,1,1,0,0,1
"305","GA",1999,31,0,7,0,31,1,0,1,0,1
"306","IA",1999,24,31,43,45,31,1,1,1,1,1
"307","IL",1999,0,32,43,19,31,0,1,1,1,1
"308","IN",1999,31,0,43,19,0,1,0,1,1,0
"309","KY",1999,0,31,0,19,31,0,1,0,1,1
"310","LA",1999,31,31,0,19,0,1,1,0,1,0
"311","MA",1999,0,19,43,0,45,0,1,1,0,1
"312","MD",1999,31,0,0,0,0,1,0,0,0,0
"313","MI",1999,31,0,0,31,19,1,0,0,1,1
"314","MN",1999,0,0,30,0,45,0,0,1,0,1
"315","MO",1999,0,0,0,0,45,0,0,0,0,1
"316","NC",1999,0,31,30,0,19,0,1,1,0,1
"317","NE",1999,30,31,0,0,31,1,1,0,0,1
"318","NJ",1999,31,19,43,0,31,1,1,1,0,1
"319","NM",1999,0,0,0,31,31,0,0,0,1,1
"320","NV",1999,0,0,0,31,45,0,0,0,1,1
"321","NY",1999,0,19,0,31,0,0,1,0,1,0
"322","OH",1999,31,19,0,45,0,1,1,0,1,0
"323","OR",1999,0,0,43,0,0,0,0,1,0,0
"324","PA",1999,45,0,30,0,31,1,0,1,0,1
"325","SC",1999,31,31,0,19,31,1,1,0,1,1
"326","TN",1999,31,19,0,0,31,1,1,0,0,1
"327","TX",1999,0,0,0,45,32,0,0,0,1,1
"328","VA",1999,31,0,0,0,31,1,0,0,0,1
"329","WA",1999,0,0,26,0,45,0,0,1,0,1
"330","WI",1999,0,0,43,0,0,0,0,1,0,0
"331","AL",2000,0,31,0,31,19,0,1,0,1,1
"332","AZ",2000,0,0,43,0,0,0,0,1,0,0
"333","CA",2000,0,19,43,0,31,0,1,1,0,1
"334","CO",2000,0,0,0,0,31,0,0,0,0,1
"335","CT",2000,0,45,43,19,0,0,1,1,1,0
"336","DC",2000,0,0,0,45,0,0,0,0,1,0
"337","FL",2000,31,31,0,0,31,1,1,0,0,1
"338","GA",2000,31,0,7,0,31,1,0,1,0,1
"339","IA",2000,25,31,43,45,31,1,1,1,1,1
"340","IL",2000,31,32,15,19,31,1,1,1,1,1
"341","IN",2000,31,0,43,19,0,1,0,1,1,0
"342","KY",2000,0,31,0,19,31,0,1,0,1,1
"343","LA",2000,31,31,0,19,0,1,1,0,1,0
"344","MA",2000,0,19,43,0,45,0,1,1,0,1
"345","MD",2000,31,0,45,0,0,1,0,1,0,0
"346","MI",2000,31,45,0,31,19,1,1,0,1,1
"347","MN",2000,0,0,30,0,45,0,0,1,0,1
"348","MO",2000,0,0,0,0,45,0,0,0,0,1
"349","NC",2000,0,31,30,0,19,0,1,1,0,1
"350","NE",2000,27,31,0,0,31,1,1,0,0,1
"351","NJ",2000,31,19,43,0,31,1,1,1,0,1
"352","NM",2000,0,0,45,31,31,0,0,1,1,1
"353","NV",2000,0,0,0,31,45,0,0,0,1,1
"354","NY",2000,0,19,0,31,0,0,1,0,1,0
"355","OH",2000,31,19,0,45,0,1,1,0,1,0
"356","OR",2000,0,0,43,0,0,0,0,1,0,0
"357","PA",2000,45,0,30,45,31,1,0,1,1,1
"358","SC",2000,31,31,0,19,31,1,1,0,1,1
"359","TN",2000,31,19,0,0,31,1,1,0,0,1
"360","TX",2000,0,0,43,45,32,0,0,1,1,1
"361","VA",2000,31,0,0,0,31,1,0,0,0,1
"362","WA",2000,0,0,26,0,45,0,0,1,0,1
"363","WI",2000,0,0,43,0,0,0,0,1,0,0
"364","AL",2001,0,31,0,31,19,0,1,0,1,1
"365","AZ",2001,0,0,43,0,45,0,0,1,0,1
"366","CA",2001,0,19,43,0,31,0,1,1,0,1
"367","CO",2001,0,0,0,0,31,0,0,0,0,1
"368","CT",2001,0,45,43,19,0,0,1,1,1,0
"369","DC",2001,0,0,0,45,0,0,0,0,1,0
"370","FL",2001,31,31,0,0,31,1,1,0,0,1
"371","GA",2001,31,0,7,0,31,1,0,1,0,1
"372","IA",2001,25,31,43,45,31,1,1,1,1,1
"373","IL",2001,31,32,15,19,31,1,1,1,1,1
"374","IN",2001,31,0,43,19,31,1,0,1,1,1
"375","KY",2001,0,31,0,19,31,0,1,0,1,1
"376","LA",2001,31,31,0,19,0,1,1,0,1,0
"377","MA",2001,0,19,43,0,45,0,1,1,0,1
"378","MD",2001,31,0,45,0,0,1,0,1,0,0
"379","MI",2001,31,45,0,31,19,1,1,0,1,1
"380","MN",2001,0,0,30,0,45,0,0,1,0,1
"381","MO",2001,0,0,41,0,45,0,0,1,0,1
"382","NC",2001,0,31,30,0,19,0,1,1,0,1
"383","NE",2001,30,31,0,0,31,1,1,0,0,1
"384","NJ",2001,31,19,43,0,31,1,1,1,0,1
"385","NM",2001,0,19,45,31,31,0,1,1,1,1
"386","NV",2001,0,0,0,31,45,0,0,0,1,1
"387","NY",2001,45,31,0,31,0,1,1,0,1,0
"388","OH",2001,31,19,0,45,0,1,1,0,1,0
"389","OR",2001,0,0,43,0,0,0,0,1,0,0
"390","PA",2001,45,0,30,45,31,1,0,1,1,1
"391","SC",2001,31,31,0,19,31,1,1,0,1,1
"392","TN",2001,31,19,0,0,31,1,1,0,0,1
"393","TX",2001,0,0,43,45,32,0,0,1,1,1
"394","VA",2001,31,0,0,0,31,1,0,0,0,1
"395","WA",2001,0,0,26,0,45,0,0,1,0,1
"396","WI",2001,0,0,43,0,0,0,0,1,0,0
"397","AL",2002,0,31,0,31,19,0,1,0,1,1
"398","AZ",2002,0,0,43,0,45,0,0,1,0,1
"399","CA",2002,0,19,43,0,31,0,1,1,0,1
"400","CO",2002,0,0,0,0,31,0,0,0,0,1
"401","CT",2002,0,45,43,19,0,0,1,1,1,0
"402","DC",2002,0,0,0,45,0,0,0,0,1,0
"403","FL",2002,31,31,0,0,31,1,1,0,0,1
"404","GA",2002,31,0,7,0,31,1,0,1,0,1
"405","IA",2002,25,31,43,45,31,1,1,1,1,1
"406","IL",2002,31,32,15,19,31,1,1,1,1,1
"407","IN",2002,31,0,43,19,31,1,0,1,1,1
"408","KY",2002,0,31,0,19,31,0,1,0,1,1
"409","LA",2002,31,31,0,19,0,1,1,0,1,0
"410","MA",2002,0,19,43,0,45,0,1,1,0,1
"411","MD",2002,31,0,45,0,0,1,0,1,0,0
"412","MI",2002,31,45,0,31,19,1,1,0,1,1
"413","MN",2002,0,0,30,0,45,0,0,1,0,1
"414","MO",2002,0,0,41,0,45,0,0,1,0,1
"415","NC",2002,0,31,30,0,19,0,1,1,0,1
"416","NE",2002,30,31,0,0,31,1,1,0,0,1
"417","NJ",2002,31,19,43,0,31,1,1,1,0,1
"418","NM",2002,0,19,45,31,31,0,1,1,1,1
"419","NV",2002,0,0,0,31,45,0,0,0,1,1
"420","NY",2002,45,31,0,31,0,1,1,0,1,0
"421","OH",2002,31,19,0,45,0,1,1,0,1,0
"422","OR",2002,0,0,43,0,0,0,0,1,0,0
"423","PA",2002,45,0,30,45,31,1,0,1,1,1
"424","SC",2002,31,31,45,19,31,1,1,1,1,1
"425","TN",2002,31,19,0,0,31,1,1,0,0,1
"426","TX",2002,0,0,43,45,32,0,0,1,1,1
"427","VA",2002,31,0,0,0,31,1,0,0,0,1
"428","WA",2002,0,0,26,0,45,0,0,1,0,1
"429","WI",2002,0,0,43,0,0,0,0,1,0,0
"430","AL",2003,0,31,0,31,19,0,1,0,1,1
"431","AZ",2003,0,0,43,0,45,0,0,1,0,1
"432","CA",2003,0,19,43,0,31,0,1,1,0,1
"433","CO",2003,0,0,0,0,31,0,0,0,0,1
"434","CT",2003,0,45,43,19,0,0,1,1,1,0
"435","DC",2003,0,0,0,45,0,0,0,0,1,0
"436","FL",2003,31,31,0,0,31,1,1,0,0,1
"437","GA",2003,31,0,7,0,31,1,0,1,0,1
"438","IA",2003,25,31,43,45,31,1,1,1,1,1
"439","IL",2003,31,32,15,19,31,1,1,1,1,1
"440","IN",2003,31,31,43,19,31,1,1,1,1,1
"441","KY",2003,0,31,0,19,31,0,1,0,1,1
"442","LA",2003,31,31,45,19,0,1,1,1,1,0
"443","MA",2003,0,19,43,0,45,0,1,1,0,1
"444","MD",2003,31,0,45,0,0,1,0,1,0,0
"445","MI",2003,31,45,0,31,19,1,1,0,1,1
"446","MN",2003,0,0,30,0,45,0,0,1,0,1
"447","MO",2003,0,0,41,0,45,0,0,1,0,1
"448","NC",2003,31,31,30,0,19,1,1,1,0,1
"449","NE",2003,30,31,0,0,31,1,1,0,0,1
"450","NJ",2003,31,19,43,0,31,1,1,1,0,1
"451","NM",2003,0,19,45,31,31,0,1,1,1,1
"452","NV",2003,0,0,0,31,45,0,0,0,1,1
"453","NY",2003,45,31,0,31,0,1,1,0,1,0
"454","OH",2003,31,19,0,45,0,1,1,0,1,0
"455","OR",2003,0,0,43,0,0,0,0,1,0,0
"456","PA",2003,45,0,30,45,31,1,0,1,1,1
"457","SC",2003,31,31,45,19,31,1,1,1,1,1
"458","TN",2003,31,19,0,0,31,1,1,0,0,1
"459","TX",2003,0,0,43,45,32,0,0,1,1,1
"460","VA",2003,31,0,0,0,31,1,0,0,0,1
"461","WA",2003,0,0,26,0,45,0,0,1,0,1
"462","WI",2003,0,0,43,0,0,0,0,1,0,0
"463","AL",2004,0,31,0,31,19,0,1,0,1,1
"464","AZ",2004,0,0,43,0,45,0,0,1,0,1
"465","CA",2004,0,0,43,0,31,0,0,1,0,1
"466","CO",2004,0,0,0,0,31,0,0,0,0,1
"467","CT",2004,0,45,43,19,0,0,1,1,1,0
"468","DC",2004,0,0,0,45,0,0,0,0,1,0
"469","FL",2004,31,31,0,0,31,1,1,0,0,1
"470","GA",2004,31,0,7,0,31,1,0,1,0,1
"471","IA",2004,25,31,43,45,31,1,1,1,1,1
"472","IL",2004,31,32,15,19,31,1,1,1,1,1
"473","IN",2004,31,31,43,19,31,1,1,1,1,1
"474","KY",2004,0,31,0,19,31,0,1,0,1,1
"475","LA",2004,31,31,45,19,0,1,1,1,1,0
"476","MA",2004,0,19,43,0,45,0,1,1,0,1
"477","MD",2004,31,0,45,0,0,1,0,1,0,0
"478","MI",2004,31,45,0,31,19,1,1,0,1,1
"479","MN",2004,0,0,30,0,45,0,0,1,0,1
"480","MO",2004,0,0,41,0,45,0,0,1,0,1
"481","NC",2004,31,31,43,0,19,1,1,1,0,1
"482","NE",2004,30,31,0,0,31,1,1,0,0,1
"483","NJ",2004,31,19,43,0,31,1,1,1,0,1
"484","NM",2004,31,19,45,31,31,1,1,1,1,1
"485","NV",2004,0,0,0,31,45,0,0,0,1,1
"486","NY",2004,45,31,0,31,0,1,1,0,1,0
"487","OH",2004,31,19,43,45,0,1,1,1,1,0
"488","OR",2004,0,0,43,0,0,0,0,1,0,0
"489","PA",2004,45,0,30,45,31,1,0,1,1,1
"490","SC",2004,31,31,45,19,31,1,1,1,1,1
"491","TN",2004,31,19,0,0,31,1,1,0,0,1
"492","TX",2004,31,0,43,45,32,1,0,1,1,1
"493","VA",2004,31,0,0,0,31,1,0,0,0,1
"494","WA",2004,0,0,26,1,45,0,0,1,1,1
"495","WI",2004,0,0,43,0,0,0,0,1,0,0
"496","AL",2005,0,31,0,31,19,0,1,0,1,1
"497","AZ",2005,0,0,43,0,45,0,0,1,0,1
"498","CA",2005,0,0,43,0,31,0,0,1,0,1
"499","CO",2005,0,0,0,0,31,0,0,0,0,1
"500","CT",2005,0,45,43,19,0,0,1,1,1,0
"501","DC",2005,0,0,0,45,0,0,0,0,1,0
"502","FL",2005,31,31,0,0,31,1,1,0,0,1
"503","GA",2005,31,0,7,0,31,1,0,1,0,1
"504","IA",2005,25,31,43,45,31,1,1,1,1,1
"505","IL",2005,31,32,15,19,31,1,1,1,1,1
"506","IN",2005,31,31,43,19,31,1,1,1,1,1
"507","KY",2005,0,31,0,19,31,0,1,0,1,1
"508","LA",2005,31,31,45,19,0,1,1,1,1,0
"509","MA",2005,0,19,43,0,45,0,1,1,0,1
"510","MD",2005,31,0,45,0,0,1,0,1,0,0
"511","MI",2005,31,45,0,31,19,1,1,0,1,1
"512","MN",2005,0,0,30,0,45,0,0,1,0,1
"513","MO",2005,0,0,0,0,45,0,0,0,0,1
"514","NC",2005,31,31,43,0,19,1,1,1,0,1
"515","NE",2005,30,31,0,0,31,1,1,0,0,1
"516","NJ",2005,31,19,43,0,31,1,1,1,0,1
"517","NM",2005,31,19,45,31,31,1,1,1,1,1
"518","NV",2005,0,0,0,31,45,0,0,0,1,1
"519","NY",2005,45,31,0,31,0,1,1,0,1,0
"520","OH",2005,31,19,43,45,0,1,1,1,1,0
"521","OR",2005,0,0,43,0,0,0,0,1,0,0
"522","PA",2005,45,0,30,45,31,1,0,1,1,1
"523","SC",2005,31,31,45,19,31,1,1,1,1,1
"524","TN",2005,31,19,0,0,31,1,1,0,0,1
"525","TX",2005,31,0,43,45,32,1,0,1,1,1
"526","VA",2005,31,0,0,0,31,1,0,0,0,1
"527","WA",2005,0,0,26,1,45,0,0,1,1,1
"528","WI",2005,0,0,43,0,0,0,0,1,0,0
"529","AL",2006,0,31,0,31,19,0,1,0,1,1
"530","AZ",2006,0,0,43,0,45,0,0,1,0,1
"531","CA",2006,0,0,43,0,31,0,0,1,0,1
"532","CO",2006,0,0,0,0,31,0,0,0,0,1
"533","CT",2006,31,45,43,19,0,1,1,1,1,0
"534","DC",2006,0,0,0,45,0,0,0,0,1,0
"535","FL",2006,31,31,0,0,31,1,1,0,0,1
"536","GA",2006,31,0,7,0,31,1,0,1,0,1
"537","IA",2006,25,31,43,45,31,1,1,1,1,1
"538","IL",2006,31,32,15,19,31,1,1,1,1,1
"539","IN",2006,31,31,43,19,31,1,1,1,1,1
"540","KY",2006,0,31,0,19,31,0,1,0,1,1
"541","LA",2006,31,31,45,19,0,1,1,1,1,0
"542","MA",2006,0,19,43,0,45,0,1,1,0,1
"543","MD",2006,31,0,45,0,0,1,0,1,0,0
"544","MI",2006,31,45,0,31,19,1,1,0,1,1
"545","MN",2006,0,0,30,0,45,0,0,1,0,1
"546","MO",2006,31,0,0,0,45,1,0,0,0,1
"547","NC",2006,31,31,43,0,19,1,1,1,0,1
"548","NE",2006,31,31,21,0,31,1,1,1,0,1
"549","NJ",2006,31,19,43,0,31,1,1,1,0,1
"550","NM",2006,31,19,45,31,31,1,1,1,1,1
"551","NV",2006,0,0,0,31,45,0,0,0,1,1
"552","NY",2006,45,31,0,31,0,1,1,0,1,0
"553","OH",2006,31,0,43,45,0,1,0,1,1,0
"554","OR",2006,0,0,43,0,0,0,0,1,0,0
"555","PA",2006,45,0,30,45,31,1,0,1,1,1
"556","SC",2006,31,31,45,19,31,1,1,1,1,1
"557","TN",2006,31,19,0,0,31,1,1,0,0,1
"558","TX",2006,31,0,43,45,32,1,0,1,1,1
"559","VA",2006,31,0,0,0,31,1,0,0,0,1
"560","WA",2006,0,0,26,1,45,0,0,1,1,1
"561","WI",2006,0,0,43,0,0,0,0,1,0,0
"562","AL",2007,0,31,0,31,19,0,1,0,1,1
"563","AZ",2007,0,0,43,0,45,0,0,1,0,1
"564","CA",2007,0,0,43,0,31,0,0,1,0,1
"565","CO",2007,0,0,0,0,31,0,0,0,0,1
"566","CT",2007,31,45,43,19,0,1,1,1,1,0
"567","DC",2007,0,0,0,45,0,0,0,0,1,0
"568","FL",2007,31,31,0,0,31,1,1,0,0,1
"569","GA",2007,31,0,7,0,31,1,0,1,0,1
"570","IA",2007,24,31,43,45,31,1,1,1,1,1
"571","IL",2007,31,32,15,19,31,1,1,1,1,1
"572","IN",2007,31,31,43,19,31,1,1,1,1,1
"573","KY",2007,0,31,0,19,31,0,1,0,1,1
"574","LA",2007,31,31,45,19,0,1,1,1,1,0
"575","MA",2007,0,19,43,0,45,0,1,1,0,1
"576","MD",2007,31,0,45,0,0,1,0,1,0,0
"577","MI",2007,31,45,0,31,19,1,1,0,1,1
"578","MN",2007,0,0,30,0,45,0,0,1,0,1
"579","MO",2007,31,0,0,0,45,1,0,0,0,1
"580","NC",2007,31,31,43,0,19,1,1,1,0,1
"581","NE",2007,31,31,21,0,31,1,1,1,0,1
"582","NJ",2007,31,19,43,0,31,1,1,1,0,1
"583","NM",2007,31,19,45,31,31,1,1,1,1,1
"584","NV",2007,0,0,0,31,45,0,0,0,1,1
"585","NY",2007,45,31,0,31,0,1,1,0,1,0
"586","OH",2007,31,0,43,45,0,1,0,1,1,0
"587","OR",2007,0,0,43,0,0,0,0,1,0,0
"588","PA",2007,45,0,30,45,31,1,0,1,1,1
"589","SC",2007,31,31,45,19,31,1,1,1,1,1
"590","TN",2007,31,19,0,0,31,1,1,0,0,1
"591","TX",2007,31,0,43,45,32,1,0,1,1,1
"592","VA",2007,31,0,0,0,31,1,0,0,0,1
"593","WA",2007,0,0,26,0,45,0,0,1,0,1
"594","WI",2007,0,0,43,0,0,0,0,1,0,0
"595","AL",2008,0,31,0,31,19,0,1,0,1,1
"596","AZ",2008,0,0,43,0,45,0,0,1,0,1
"597","CA",2008,0,0,43,0,31,0,0,1,0,1
"598","CO",2008,0,0,0,0,31,0,0,0,0,1
"599","CT",2008,31,45,43,19,0,1,1,1,1,0
"600","DC",2008,0,0,0,45,0,0,0,0,1,0
"601","FL",2008,31,31,0,0,31,1,1,0,0,1
"602","GA",2008,31,0,7,0,31,1,0,1,0,1
"603","IA",2008,24,31,43,45,31,1,1,1,1,1
"604","IL",2008,31,32,15,19,31,1,1,1,1,1
"605","IN",2008,31,31,43,19,31,1,1,1,1,1
"606","KY",2008,0,31,0,19,31,0,1,0,1,1
"607","LA",2008,31,31,45,19,31,1,1,1,1,1
"608","MA",2008,0,19,43,0,45,0,1,1,0,1
"609","MD",2008,31,0,45,0,0,1,0,1,0,0
"610","MI",2008,45,40,43,31,19,1,1,1,1,1
"611","MN",2008,0,0,30,0,45,0,0,1,0,1
"612","MO",2008,31,0,0,0,45,1,0,0,0,1
"613","NC",2008,31,31,43,0,19,1,1,1,0,1
"614","NE",2008,31,31,21,0,31,1,1,1,0,1
"615","NJ",2008,31,19,43,0,31,1,1,1,0,1
"616","NM",2008,31,19,45,31,31,1,1,1,1,1
"617","NV",2008,0,0,0,31,45,0,0,0,1,1
"618","NY",2008,45,31,0,32,0,1,1,0,1,0
"619","OH",2008,31,0,43,45,0,1,0,1,1,0
"620","OR",2008,0,0,43,0,0,0,0,1,0,0
"621","PA",2008,45,0,30,45,31,1,0,1,1,1
"622","SC",2008,31,31,45,19,31,1,1,1,1,1
"623","TN",2008,31,19,0,0,31,1,1,0,0,1
"624","TX",2008,31,0,0,45,32,1,0,0,1,1
"625","VA",2008,31,0,0,0,31,1,0,0,0,1
"626","WA",2008,0,0,26,0,45,0,0,1,0,1
"627","WI",2008,0,0,43,0,0,0,0,1,0,0
"628","AL",2009,0,31,0,31,19,0,1,0,1,1
"629","AZ",2009,0,0,43,0,45,0,0,1,0,1
"630","CA",2009,0,0,43,0,31,0,0,1,0,1
"631","CO",2009,31,0,0,0,31,1,0,0,0,1
"632","CT",2009,31,45,43,19,0,1,1,1,1,0
"633","DC",2009,0,0,0,45,0,0,0,0,1,0
"634","FL",2009,31,31,0,0,31,1,1,0,0,1
"635","GA",2009,31,0,7,0,31,1,0,1,0,1
"636","IA",2009,24,31,43,45,31,1,1,1,1,1
"637","IL",2009,31,32,15,19,31,1,1,1,1,1
"638","IN",2009,31,31,43,19,31,1,1,1,1,1
"639","KY",2009,0,31,0,19,31,0,1,0,1,1
"640","LA",2009,31,31,45,19,31,1,1,1,1,1
"641","MA",2009,0,19,43,0,45,0,1,1,0,1
"642","MD",2009,31,0,45,0,0,1,0,1,0,0
"643","MI",2009,45,40,44,31,19,1,1,1,1,1
"644","MN",2009,0,0,30,0,45,0,0,1,0,1
"645","MO",2009,31,0,0,0,45,1,0,0,0,1
"646","NC",2009,31,31,43,0,19,1,1,1,0,1
"647","NE",2009,31,31,21,0,31,1,1,1,0,1
"648","NJ",2009,31,19,43,0,31,1,1,1,0,1
"649","NM",2009,31,19,45,31,31,1,1,1,1,1
"650","NV",2009,0,0,0,31,45,0,0,0,1,1
"651","NY",2009,45,31,0,32,0,1,1,0,1,0
"652","OH",2009,31,0,43,45,0,1,0,1,1,0
"653","OR",2009,0,0,43,0,0,0,0,1,0,0
"654","PA",2009,45,0,30,45,31,1,0,1,1,1
"655","SC",2009,31,31,45,19,31,1,1,1,1,1
"656","TN",2009,31,19,0,0,31,1,1,0,0,1
"657","TX",2009,31,0,0,45,32,1,0,0,1,1
"658","VA",2009,31,0,0,0,31,1,0,0,0,1
"659","WA",2009,0,0,26,0,45,0,0,1,0,1
"660","WI",2009,31,31,43,0,0,1,1,1,0,0
"661","AL",2010,0,31,0,31,19,0,1,0,1,1
"662","AZ",2010,0,0,43,0,45,0,0,1,0,1
"663","CA",2010,0,0,43,0,31,0,0,1,0,1
"664","CO",2010,31,0,0,0,31,1,0,0,0,1
"665","CT",2010,31,45,43,19,0,1,1,1,1,0
"666","DC",2010,0,0,0,45,0,0,0,0,1,0
"667","FL",2010,31,31,0,0,31,1,1,0,0,1
"668","GA",2010,31,0,7,0,31,1,0,1,0,1
"669","IA",2010,24,31,43,45,31,1,1,1,1,1
"670","IL",2010,31,32,15,19,31,1,1,1,1,1
"671","IN",2010,31,31,45,19,31,1,1,1,1,1
"672","KY",2010,0,31,0,19,31,0,1,0,1,1
"673","LA",2010,31,31,45,19,31,1,1,1,1,1
"674","MA",2010,0,19,43,0,45,0,1,1,0,1
"675","MD",2010,31,0,45,0,0,1,0,1,0,0
"676","MI",2010,45,40,44,31,19,1,1,1,1,1
"677","MN",2010,0,0,0,0,45,0,0,0,0,1
"678","MO",2010,31,0,0,0,45,1,0,0,0,1
"679","NC",2010,31,31,43,0,19,1,1,1,0,1
"680","NE",2010,31,31,21,0,31,1,1,1,0,1
"681","NJ",2010,31,19,43,0,31,1,1,1,0,1
"682","NM",2010,31,19,45,31,31,1,1,1,1,1
"683","NV",2010,0,0,0,31,45,0,0,0,1,1
"684","NY",2010,31,31,27,32,0,1,1,1,1,0
"685","OH",2010,31,0,43,45,0,1,0,1,1,0
"686","OR",2010,0,0,43,0,0,0,0,1,0,0
"687","PA",2010,45,0,30,45,31,1,0,1,1,1
"688","SC",2010,31,31,45,19,31,1,1,1,1,1
"689","TN",2010,31,19,0,31,31,1,1,0,1,1
"690","TX",2010,31,0,0,45,32,1,0,0,1,1
"691","VA",2010,31,0,0,0,31,1,0,0,0,1
"692","WA",2010,0,0,26,0,45,0,0,1,0,1
"693","WI",2010,31,31,43,0,0,1,1,1,0,0
"694","AL",2011,0,31,0,31,19,0,1,0,1,1
"695","AZ",2011,31,0,43,0,45,1,0,1,0,1
"696","CA",2011,0,0,43,0,31,0,0,1,0,1
"697","CO",2011,31,0,0,0,31,1,0,0,0,1
"698","CT",2011,31,45,43,19,0,1,1,1,1,0
"699","DC",2011,0,0,0,45,0,0,0,0,1,0
"700","FL",2011,31,31,0,31,31,1,1,0,1,1
"701","GA",2011,31,0,7,0,31,1,0,1,0,1
"702","IA",2011,24,31,43,45,31,1,1,1,1,1
"703","IL",2011,31,32,18,19,31,1,1,1,1,1
"704","IN",2011,31,31,45,19,31,1,1,1,1,1
"705","KY",2011,0,31,0,19,31,0,1,0,1,1
"706","LA",2011,31,31,45,19,31,1,1,1,1,1
"707","MA",2011,0,19,43,0,45,0,1,1,0,1
"708","MD",2011,31,0,45,0,0,1,0,1,0,0
"709","MI",2011,45,40,44,31,19,1,1,1,1,1
"710","MN",2011,0,0,30,0,45,0,0,1,0,1
"711","MO",2011,31,0,0,0,45,1,0,0,0,1
"712","NC",2011,31,31,43,0,19,1,1,1,0,1
"713","NE",2011,31,31,21,0,31,1,1,1,0,1
"714","NJ",2011,31,19,43,0,31,1,1,1,0,1
"715","NM",2011,31,19,45,31,31,1,1,1,1,1
"716","NV",2011,0,0,0,31,45,0,0,0,1,1
"717","NY",2011,31,31,27,32,0,1,1,1,1,0
"718","OH",2011,31,0,43,45,0,1,0,1,1,0
"719","OR",2011,31,0,43,0,0,1,0,1,0,0
"720","PA",2011,45,0,30,45,31,1,0,1,1,1
"721","SC",2011,31,31,45,19,31,1,1,1,1,1
"722","TN",2011,31,19,0,31,31,1,1,0,1,1
"723","TX",2011,31,0,0,45,32,1,0,0,1,1
"724","VA",2011,31,0,0,0,31,1,0,0,0,1
"725","WA",2011,0,0,26,0,45,0,0,1,0,1
"726","WI",2011,30,31,45,0,0,1,1,1,0,0
"727","AL",2012,0,31,0,31,19,0,1,0,1,1
"728","AZ",2012,31,0,43,0,45,1,0,1,0,1
"729","CA",2012,0,0,43,0,31,0,0,1,0,1
"730","CO",2012,31,0,0,0,31,1,0,0,0,1
"731","CT",2012,31,45,43,19,0,1,1,1,1,0
"732","DC",2012,0,0,0,45,0,0,0,0,1,0
"733","FL",2012,31,31,43,31,31,1,1,1,1,1
"734","GA",2012,31,0,7,0,31,1,0,1,0,1
"735","IA",2012,24,31,43,45,31,1,1,1,1,1
"736","IL",2012,31,32,18,19,31,1,1,1,1,1
"737","IN",2012,31,31,45,19,31,1,1,1,1,1
"738","KY",2012,0,31,0,19,31,0,1,0,1,1
"739","LA",2012,31,31,45,19,31,1,1,1,1,1
"740","MA",2012,0,19,43,0,45,0,1,1,0,1
"741","MD",2012,31,0,45,0,0,1,0,1,0,0
"742","MI",2012,31,0,0,31,19,1,0,0,1,1
"743","MN",2012,0,0,30,0,45,0,0,1,0,1
"744","MO",2012,31,0,0,0,45,1,0,0,0,1
"745","NC",2012,31,31,43,0,19,1,1,1,0,1
"746","NE",2012,31,31,30,0,31,1,1,1,0,1
"747","NJ",2012,31,19,43,0,31,1,1,1,0,1
"748","NM",2012,31,19,45,31,31,1,1,1,1,1
"749","NV",2012,0,0,0,31,45,0,0,0,1,1
"750","NY",2012,31,31,27,32,0,1,1,1,1,0
"751","OH",2012,31,0,43,45,0,1,0,1,1,0
"752","OR",2012,31,0,43,0,0,1,0,1,0,0
"753","PA",2012,45,0,30,45,31,1,0,1,1,1
"754","SC",2012,31,31,45,19,31,1,1,1,1,1
"755","TN",2012,31,19,0,31,31,1,1,0,1,1
"756","TX",2012,31,0,0,45,32,1,0,0,1,1
"757","VA",2012,31,0,0,0,31,1,0,0,0,1
"758","WA",2012,0,0,26,0,45,0,0,1,0,1
"759","WI",2012,29,31,45,0,0,1,1,1,0,0
"760","AL",2013,0,31,0,31,19,0,1,0,1,1
"761","AZ",2013,19,12,43,0,45,1,1,1,0,1
"762","CA",2013,0,0,43,0,31,0,0,1,0,1
"763","CO",2013,31,0,0,0,31,1,0,0,0,1
"764","CT",2013,31,45,43,19,0,1,1,1,1,0
"765","DC",2013,0,0,0,45,0,0,0,0,1,0
"766","FL",2013,31,31,43,31,31,1,1,1,1,1
"767","GA",2013,31,0,7,0,31,1,0,1,0,1
"768","IA",2013,24,31,43,45,31,1,1,1,1,1
"769","IL",2013,31,32,18,19,31,1,1,1,1,1
"770","IN",2013,31,31,45,19,31,1,1,1,1,1
"771","KY",2013,0,31,0,19,31,0,1,0,1,1
"772","LA",2013,31,31,45,19,31,1,1,1,1,1
"773","MA",2013,0,19,43,0,45,0,1,1,0,1
"774","MD",2013,31,0,45,0,0,1,0,1,0,0
"775","MI",2013,31,0,0,31,19,1,0,0,1,1
"776","MN",2013,0,0,30,0,45,0,0,1,0,1
"777","MO",2013,31,0,0,0,45,1,0,0,0,1
"778","NC",2013,31,31,43,0,19,1,1,1,0,1
"779","NE",2013,31,31,30,0,31,1,1,1,0,1
"780","NJ",2013,31,19,43,0,31,1,1,1,0,1
"781","NM",2013,31,19,45,31,31,1,1,1,1,1
"782","NV",2013,0,0,0,31,45,0,0,0,1,1
"783","NY",2013,31,31,27,32,0,1,1,1,1,0
"784","OH",2013,31,0,43,45,0,1,0,1,1,0
"785","OR",2013,31,0,43,0,0,1,0,1,0,0
"786","PA",2013,45,0,30,45,31,1,0,1,1,1
"787","SC",2013,31,31,45,19,31,1,1,1,1,1
"788","TN",2013,31,19,0,31,31,1,1,0,1,1
"789","TX",2013,31,0,0,45,32,1,0,0,1,1
"790","VA",2013,31,0,0,0,31,1,0,0,0,1
"791","WA",2013,0,0,26,0,45,0,0,1,0,1
"792","WI",2013,29,30,45,0,0,1,1,1,0,0
"793","AL",2014,0,31,0,31,19,0,1,0,1,1
"794","AZ",2014,19,12,43,0,45,1,1,1,0,1
"795","CA",2014,0,0,43,0,31,0,0,1,0,1
"796","CO",2014,31,0,0,0,31,1,0,0,0,1
"797","CT",2014,0,45,43,19,0,0,1,1,1,0
"798","DC",2014,0,0,0,45,0,0,0,0,1,0
"799","FL",2014,31,31,43,31,31,1,1,1,1,1
"800","GA",2014,31,0,7,0,31,1,0,1,0,1
"801","IA",2014,24,31,43,45,31,1,1,1,1,1
"802","IL",2014,31,32,18,19,31,1,1,1,1,1
"803","IN",2014,31,31,45,19,31,1,1,1,1,1
"804","KY",2014,0,31,0,19,31,0,1,0,1,1
"805","LA",2014,31,31,45,19,31,1,1,1,1,1
"806","MA",2014,0,19,43,0,45,0,1,1,0,1
"807","MD",2014,31,0,45,0,0,1,0,1,0,0
"808","MI",2014,31,0,0,31,19,1,0,0,1,1
"809","MN",2014,31,31,30,0,45,1,1,1,0,1
"810","MO",2014,31,0,0,0,45,1,0,0,0,1
"811","NC",2014,31,0,43,0,19,1,0,1,0,1
"812","NE",2014,31,31,30,0,31,1,1,1,0,1
"813","NJ",2014,31,19,43,0,31,1,1,1,0,1
"814","NM",2014,31,19,45,31,31,1,1,1,1,1
"815","NV",2014,0,0,0,31,45,0,0,0,1,1
"816","NY",2014,31,31,27,31,0,1,1,1,1,0
"817","OH",2014,31,0,43,45,0,1,0,1,1,0
"818","OR",2014,31,0,43,0,0,1,0,1,0,0
"819","PA",2014,45,0,30,45,31,1,0,1,1,1
"820","SC",2014,31,31,45,19,31,1,1,1,1,1
"821","TN",2014,31,19,0,31,31,1,1,0,1,1
"822","TX",2014,31,0,45,45,32,1,0,1,1,1
"823","VA",2014,31,0,0,0,31,1,0,0,0,1
"824","WA",2014,0,0,26,0,45,0,0,1,0,1
"825","WI",2014,31,31,43,0,31,1,1,1,0,1
"826","AL",2015,0,31,0,31,19,0,1,0,1,1
"827","AZ",2015,19,12,43,0,45,1,1,1,0,1
"828","CA",2015,0,0,43,0,31,0,0,1,0,1
"829","CO",2015,31,0,0,0,31,1,0,0,0,1
"830","CT",2015,0,45,43,19,0,0,1,1,1,0
"831","DC",2015,0,0,0,45,0,0,0,0,1,0
"832","FL",2015,31,31,43,31,31,1,1,1,1,1
"833","GA",2015,31,0,7,0,31,1,0,1,0,1
"834","IA",2015,24,31,43,45,31,1,1,1,1,1
"835","IL",2015,31,32,18,19,31,1,1,1,1,1
"836","IN",2015,31,31,45,19,31,1,1,1,1,1
"837","KY",2015,0,31,0,19,31,0,1,0,1,1
"838","LA",2015,31,31,45,19,31,1,1,1,1,1
"839","MA",2015,0,19,43,0,45,0,1,1,0,1
"840","MD",2015,31,0,45,0,0,1,0,1,0,0
"841","MI",2015,31,0,0,31,19,1,0,0,1,1
"842","MN",2015,31,31,30,0,45,1,1,1,0,1
"843","MO",2015,31,0,0,0,45,1,0,0,0,1
"844","NC",2015,31,0,43,0,19,1,0,1,0,1
"845","NE",2015,31,31,30,0,31,1,1,1,0,1
"846","NJ",2015,31,19,43,0,31,1,1,1,0,1
"847","NM",2015,31,19,45,31,31,1,1,1,1,1
"848","NV",2015,0,0,0,31,45,0,0,0,1,1
"849","NY",2015,31,31,27,31,0,1,1,1,1,0
"850","OH",2015,31,0,43,45,0,1,0,1,1,0
"851","OR",2015,31,0,43,0,0,1,0,1,0,0
"852","PA",2015,45,0,30,45,31,1,0,1,1,1
"853","SC",2015,31,31,45,19,31,1,1,1,1,1
"854","TN",2015,31,19,0,31,31,1,1,0,1,1
"855","TX",2015,31,0,45,45,32,1,0,1,1,1
"856","VA",2015,31,0,0,0,31,1,0,0,0,1
"857","WA",2015,0,0,0,1,45,0,0,0,1,1
"858","WI",2015,31,31,43,0,31,1,1,1,0,1
