"ID","Area","ZCTA5CE00","CLASSFP00","MTFCC00","FUNCSTAT00"
1,0.181577,"40965","B5","G6350","S"
2,0.155069,"40867","B5","G6350","S"
3,0.042303,"40828","B5","G6350","S"
4,0.049931,"40843","B5","G6350","S"
5,0.099594,"40927","B5","G6350","S"
6,0.116702,"40820","B5","G6350","S"
7,0.085951,"40855","B5","G6350","S"
8,0.027680,"408XX","B5","G6350","S"
9,0.016342,"40815","B5","G6350","S"
10,0.163788,"40826","B5","G6350","S"
11,0.033414,"41537","B5","G6350","S"
12,0.000026,"41837","B5","G6350","S"
13,0.027031,"41548","B5","G6350","S"
14,0.026400,"41522","B5","G6350","S"
15,0.001799,"41568","B5","G6350","S"
16,0.047300,"41563","B5","G6350","S"
17,0.015898,"41566","B5","G6350","S"
18,0.000852,"41547","B5","G6350","S"
19,0.045224,"41553","B5","G6350","S"
20,0.130953,"26838","B5","G6350","S"
21,0.064446,"26836","B5","G6350","S"
22,0.115274,"26851","B5","G6350","S"
23,0.067562,"26812","B5","G6350","S"
24,0.055590,"25434","B5","G6350","S"
25,0.016093,"25411","B5","G6350","S"
26,0.000000,"25427","B5","G6350","S"
27,0.002535,"26807","B5","G6350","S"
28,0.107400,"26815","B5","G6350","S"
29,0.045249,"26804","B5","G6350","S"
30,0.102030,"26802","B5","G6350","S"
31,0.034224,"25608","B5","G6350","S"
32,0.002038,"25421","B5","G6350","S"
33,0.012994,"25413","B5","G6350","S"
34,0.001413,"25420","B5","G6350","S"
35,0.346050,"24986","B5","G6350","S"
36,0.003382,"249XX","B5","G6350","S"
37,0.191544,"25425","B5","G6350","S"
38,0.000774,"25430","B5","G6350","S"
39,0.000108,"254HH","B5","G6350","S"
40,0.001954,"25441","B5","G6350","S"
41,0.006206,"25414","B5","G6350","S"
42,0.004438,"25446","B5","G6350","S"
43,0.213843,"24954","B5","G6350","S"
44,0.034041,"24934","B5","G6350","S"
45,0.197745,"24920","B5","G6350","S"
46,0.093086,"24944","B5","G6350","S"
47,0.012985,"24951","B5","G6350","S"
48,0.044713,"24941","B5","G6350","S"
49,0.023662,"24983","B5","G6350","S"
50,0.059630,"24984","B5","G6350","S"
51,0.047183,"26817","B5","G6350","S"
52,0.077450,"26808","B5","G6350","S"
53,0.011512,"26711","B5","G6350","S"
54,0.015977,"24701","B5","G6350","S"
55,0.000982,"24715","B5","G6350","S"
56,0.017408,"24740","B5","G6350","S"
57,0.060061,"24871","B5","G6350","S"
58,0.068745,"24873","B5","G6350","S"
59,0.057864,"24884","B5","G6350","S"
60,0.156236,"24815","B5","G6350","S"
61,0.094516,"24848","B5","G6350","S"
62,0.170364,"24862","B5","G6350","S"
63,0.072185,"24850","B5","G6350","S"
64,0.053759,"24872","B5","G6350","S"
65,0.068148,"24892","B5","G6350","S"
66,0.000331,"259HH","B5","G6350","S"
67,0.052788,"24963","B5","G6350","S"
68,0.056700,"256HH","B5","G6350","S"
69,46.335018,"24179","B5","G6350","S"
70,77.966682,"24104","B5","G6350","S"
71,31.054604,"24502","B5","G6350","S"
72,3.760647,"24536","B5","G6350","S"
73,39.355621,"24556","B5","G6350","S"
74,37.442760,"24503","B5","G6350","S"
75,57.552650,"24101","B5","G6350","S"
76,31.136303,"24139","B5","G6350","S"
77,34.410210,"24122","B5","G6350","S"
78,74.581741,"24526","B5","G6350","S"
79,211.045853,"24523","B5","G6350","S"
80,65.899475,"24550","B5","G6350","S"
81,22.736305,"23963","B5","G6350","S"
82,79.150467,"24538","B5","G6350","S"
83,128.027008,"24554","B5","G6350","S"
84,73.734299,"24588","B5","G6350","S"
85,32.897339,"24504","B5","G6350","S"
86,37.165993,"24501","B5","G6350","S"
87,36.522430,"24517","B5","G6350","S"
88,96.913162,"24528","B5","G6350","S"
89,34.892517,"24569","B5","G6350","S"
90,64.641479,"24483","B5","G6350","S"
91,82.071449,"24572","B5","G6350","S"
92,55.608253,"22922","B5","G6350","S"
93,129.180176,"24574","B5","G6350","S"
94,112.614090,"24553","B5","G6350","S"
95,1.241533,"24595","B5","G6350","S"
96,3.858207,"24533","B5","G6350","S"
97,221.793961,"24521","B5","G6350","S"
98,18.739248,"245HH","B5","G6350","S"
99,72.183365,"22967","B5","G6350","S"
100,24.158554,"24072","B5","G6350","S"
101,38.271385,"24079","B5","G6350","S"
102,55.959518,"24149","B5","G6350","S"
103,171.091843,"24091","B5","G6350","S"
104,32.732300,"24138","B5","G6350","S"
105,61.079052,"24141","B5","G6350","S"
106,27.326752,"24292","B5","G6350","S"
107,74.126251,"24363","B5","G6350","S"
108,108.980957,"24348","B5","G6350","S"
109,77.786995,"24378","B5","G6350","S"
110,56.274536,"24326","B5","G6350","S"
111,183.716965,"234HH","B5","G6350","S"
112,7.152500,"23395","B5","G6350","S"
113,47.119560,"23417","B5","G6350","S"
114,10.874496,"23409","B5","G6350","S"
115,2.682384,"23389","B5","G6350","S"
116,0.124469,"23302","B5","G6350","S"
117,3.009483,"23426","B5","G6350","S"
118,4.828481,"23480","B5","G6350","S"
119,5.856872,"23358","B5","G6350","S"
120,0.187888,"23441","B5","G6350","S"
121,34.163891,"23423","B5","G6350","S"
122,37.192940,"23308","B5","G6350","S"
123,11.560478,"23306","B5","G6350","S"
124,3.991292,"23404","B5","G6350","S"
125,31.095314,"23421","B5","G6350","S"
126,30.623199,"23442","B5","G6350","S"
127,6.050830,"23418","B5","G6350","S"
128,7.606560,"23488","B5","G6350","S"
129,2.720510,"23401","B5","G6350","S"
130,27.800623,"23301","B5","G6350","S"
131,73.609497,"24589","B5","G6350","S"
132,93.652061,"24520","B5","G6350","S"
133,161.428619,"24557","B5","G6350","S"
134,90.148506,"24558","B5","G6350","S"
135,73.798164,"24598","B5","G6350","S"
136,136.714264,"24592","B5","G6350","S"
137,6.171366,"24539","B5","G6350","S"
138,50.735836,"24597","B5","G6350","S"
139,58.579353,"24565","B5","G6350","S"
140,74.491646,"24534","B5","G6350","S"
141,48.205494,"24594","B5","G6350","S"
142,189.694290,"24577","B5","G6350","S"
143,74.024307,"23192","B5","G6350","S"
144,33.468624,"23146","B5","G6350","S"
145,43.119820,"23047","B5","G6350","S"
146,58.838486,"23116","B5","G6350","S"
147,86.591751,"23015","B5","G6350","S"
148,74.952103,"23111","B5","G6350","S"
149,28.616430,"23102","B5","G6350","S"
150,65.640488,"23124","B5","G6350","S"
151,43.444824,"23059","B5","G6350","S"
152,154.038818,"22546","B5","G6350","S"
153,72.501602,"23005","B5","G6350","S"
154,64.595184,"23069","B5","G6350","S"
155,108.854889,"23024","B5","G6350","S"
156,3.881278,"23416","B5","G6350","S"
157,36.559502,"23415","B5","G6350","S"
158,22.492540,"23336","B5","G6350","S"
159,2.266674,"23303","B5","G6350","S"
160,3.090090,"23407","B5","G6350","S"
161,37.248409,"23420","B5","G6350","S"
162,3.965450,"23356","B5","G6350","S"
163,172.571014,"233HH","B5","G6350","S"
164,10.636123,"23359","B5","G6350","S"
165,2.939964,"23440","B5","G6350","S"
166,5.790524,"23357","B5","G6350","S"
167,31.121252,"23410","B5","G6350","S"
168,5.771395,"23427","B5","G6350","S"
169,12.380556,"23337","B5","G6350","S"
170,80.304779,"24318","B5","G6350","S"
171,84.868256,"24314","B5","G6350","S"
172,37.206760,"24366","B5","G6350","S"
173,83.506401,"24124","B5","G6350","S"
174,201.738190,"24315","B5","G6350","S"
175,11.995154,"23845","B5","G6350","S"
176,21.982012,"23893","B5","G6350","S"
177,58.515308,"23856","B5","G6350","S"
178,37.268230,"238HH","B5","G6350","S"
179,28.379030,"23919","B5","G6350","S"
180,63.307873,"23950","B5","G6350","S"
181,124.499054,"23868","B5","G6350","S"
182,27.874350,"23843","B5","G6350","S"
183,68.573120,"23821","B5","G6350","S"
184,180.252869,"23824","B5","G6350","S"
185,31.565569,"23876","B5","G6350","S"
186,28.968092,"23889","B5","G6350","S"
187,18.659714,"23887","B5","G6350","S"
188,277.680817,"23847","B5","G6350","S"
189,18.071459,"23938","B5","G6350","S"
190,11.980929,"23857","B5","G6350","S"
191,128.566223,"23920","B5","G6350","S"
192,56.503368,"23959","B5","G6350","S"
193,145.785263,"23924","B5","G6350","S"
194,51.675644,"239HH","B5","G6350","S"
195,15.452694,"23962","B5","G6350","S"
196,141.848465,"23947","B5","G6350","S"
197,94.820694,"23958","B5","G6350","S"
198,43.290073,"23934","B5","G6350","S"
199,88.967125,"23923","B5","G6350","S"
200,52.054611,"23964","B5","G6350","S"
201,4.308312,"23976","B5","G6350","S"
202,60.630642,"23967","B5","G6350","S"
203,75.209145,"23937","B5","G6350","S"
204,249.588776,"24127","B5","G6350","S"
205,83.541138,"24128","B5","G6350","S"
206,35.063244,"24131","B5","G6350","S"
207,54.654026,"24070","B5","G6350","S"
208,28.474936,"22734","B5","G6350","S"
209,8.701933,"22741","B5","G6350","S"
210,52.448936,"20106","B5","G6350","S"
211,77.409286,"22740","B5","G6350","S"
212,23.111275,"22714","B5","G6350","S"
213,159.558411,"22701","B5","G6350","S"
214,48.959084,"22733","B5","G6350","S"
215,28.334372,"22718","B5","G6350","S"
216,39.525181,"22737","B5","G6350","S"
217,21.557652,"22726","B5","G6350","S"
218,21.101400,"22736","B5","G6350","S"
219,23.571825,"22724","B5","G6350","S"
220,38.949306,"22735","B5","G6350","S"
221,4.140480,"22729","B5","G6350","S"
222,61.843941,"20186","B5","G6350","S"
223,5.415611,"22746","B5","G6350","S"
224,22.877811,"22713","B5","G6350","S"
225,36.409153,"24226","B5","G6350","S"
226,16.905039,"24272","B5","G6350","S"
227,18.025789,"24220","B5","G6350","S"
228,129.320114,"24230","B5","G6350","S"
229,36.230156,"24237","B5","G6350","S"
230,68.215492,"24225","B5","G6350","S"
231,10.276976,"24607","B5","G6350","S"
232,49.023106,"24256","B5","G6350","S"
233,1.774617,"242HH","B5","G6350","S"
234,23.945242,"24283","B5","G6350","S"
235,2.960861,"24269","B5","G6350","S"
236,29.873249,"24217","B5","G6350","S"
237,94.588310,"24228","B5","G6350","S"
238,142.954712,"24333","B5","G6350","S"
239,33.128300,"24328","B5","G6350","S"
240,40.383057,"24312","B5","G6350","S"
241,88.033295,"24380","B5","G6350","S"
242,41.761787,"24317","B5","G6350","S"
243,9.060205,"243HH","B5","G6350","S"
244,48.446972,"24381","B5","G6350","S"
245,22.014776,"24105","B5","G6350","S"
246,45.663124,"24325","B5","G6350","S"
247,62.015846,"24120","B5","G6350","S"
248,40.980846,"24330","B5","G6350","S"
249,44.467941,"24350","B5","G6350","S"
250,80.263901,"24347","B5","G6350","S"
251,61.717854,"24053","B5","G6350","S"
252,31.380241,"24352","B5","G6350","S"
253,128.313919,"24343","B5","G6350","S"
254,11.919555,"24351","B5","G6350","S"
255,94.878731,"24121","B5","G6350","S"
256,45.485447,"24571","B5","G6350","S"
257,25.137024,"24095","B5","G6350","S"
258,68.128471,"24551","B5","G6350","S"
259,33.161823,"24174","B5","G6350","S"
260,29.781048,"24064","B5","G6350","S"
261,0.304212,"24448","B5","G6350","S"
262,118.394264,"24153","B5","G6350","S"
263,96.160255,"24090","B5","G6350","S"
264,81.528343,"24175","B5","G6350","S"
265,23.440458,"24019","B5","G6350","S"
266,8.587455,"240HH","B5","G6350","S"
267,9.000511,"24083","B5","G6350","S"
268,76.455734,"24422","B5","G6350","S"
269,178.631012,"24085","B5","G6350","S"
270,19.480400,"24012","B5","G6350","S"
271,1.054188,"24077","B5","G6350","S"
272,150.559814,"24066","B5","G6350","S"
273,37.016106,"241HH","B5","G6350","S"
274,43.590439,"23850","B5","G6350","S"
275,60.093807,"23833","B5","G6350","S"
276,56.205219,"23966","B5","G6350","S"
277,255.888657,"23002","B5","G6350","S"
278,60.700584,"23083","B5","G6350","S"
279,2.356240,"22302","B5","G6350","S"
280,1.247657,"22301","B5","G6350","S"
281,1.534597,"22305","B5","G6350","S"
282,2.245751,"22206","B5","G6350","S"
283,5.052239,"22312","B5","G6350","S"
284,4.047882,"22314","B5","G6350","S"
285,1.454292,"22311","B5","G6350","S"
286,4.499294,"22304","B5","G6350","S"
287,105.375465,"23930","B5","G6350","S"
288,67.772148,"23922","B5","G6350","S"
289,0.003755,"238XX","B5","G6350","S"
290,0.450236,"23304","B5","G6350","S"
291,108.885231,"23430","B5","G6350","S"
292,27.181047,"23315","B5","G6350","S"
293,19.683071,"23314","B5","G6350","S"
294,52.185314,"23898","B5","G6350","S"
295,92.432060,"23487","B5","G6350","S"
296,115.789131,"23851","B5","G6350","S"
297,79.065186,"23866","B5","G6350","S"
298,208.043182,"23093","B5","G6350","S"
299,119.681511,"22942","B5","G6350","S"
300,39.496525,"23084","B5","G6350","S"
301,21.796421,"23065","B5","G6350","S"
302,35.129932,"22974","B5","G6350","S"
303,82.054367,"230HH","B5","G6350","S"
304,50.271835,"231HH","B5","G6350","S"
305,50.248985,"22947","B5","G6350","S"
306,137.550323,"23117","B5","G6350","S"
307,32.142200,"23968","B5","G6350","S"
308,35.712093,"23915","B5","G6350","S"
309,70.370529,"23927","B5","G6350","S"
310,26.790949,"24580","B5","G6350","S"
311,32.451458,"24529","B5","G6350","S"
312,113.335594,"23917","B5","G6350","S"
313,143.896820,"23882","B5","G6350","S"
314,54.401752,"23830","B5","G6350","S"
315,62.676704,"23897","B5","G6350","S"
316,93.333199,"23867","B5","G6350","S"
317,3.233917,"23943","B5","G6350","S"
318,192.498428,"23901","B5","G6350","S"
319,41.548458,"23960","B5","G6350","S"
320,50.422878,"23113","B5","G6350","S"
321,66.112244,"23120","B5","G6350","S"
322,244.595428,"23139","B5","G6350","S"
323,75.925018,"23803","B5","G6350","S"
324,71.443977,"23805","B5","G6350","S"
325,66.922928,"23457","B5","G6350","S"
326,15.207085,"23455","B5","G6350","S"
327,2.148922,"23521","B5","G6350","S"
328,17.578535,"23464","B5","G6350","S"
329,14.828988,"23452","B5","G6350","S"
330,30.834192,"23454","B5","G6350","S"
331,11.890143,"23462","B5","G6350","S"
332,17.021624,"23451","B5","G6350","S"
333,71.261208,"23456","B5","G6350","S"
334,11.392215,"235HH","B5","G6350","S"
335,1.735362,"23461","B5","G6350","S"
336,2.241355,"23459","B5","G6350","S"
337,57.977165,"22407","B5","G6350","S"
338,10.464824,"22401","B5","G6350","S"
339,108.513840,"23837","B5","G6350","S"
340,41.565918,"23844","B5","G6350","S"
341,42.392406,"23874","B5","G6350","S"
342,38.070053,"23828","B5","G6350","S"
343,81.029678,"23829","B5","G6350","S"
344,80.879936,"23888","B5","G6350","S"
345,48.501991,"23827","B5","G6350","S"
346,54.784615,"23878","B5","G6350","S"
347,5.404068,"23665","B5","G6350","S"
348,94.519081,"23188","B5","G6350","S"
349,14.303517,"23691","B5","G6350","S"
350,60.792454,"23185","B5","G6350","S"
351,6.818750,"23696","B5","G6350","S"
352,13.233431,"23693","B5","G6350","S"
353,22.973310,"23692","B5","G6350","S"
354,9.413947,"23690","B5","G6350","S"
355,22.261356,"236HH","B5","G6350","S"
356,35.541027,"24014","B5","G6350","S"
357,4.710330,"24015","B5","G6350","S"
358,8.917892,"24017","B5","G6350","S"
359,3.323936,"24016","B5","G6350","S"
360,2.257503,"24013","B5","G6350","S"
361,38.657684,"24018","B5","G6350","S"
362,0.181827,"24011","B5","G6350","S"
363,80.059525,"24137","B5","G6350","S"
364,80.404243,"24541","B5","G6350","S"
365,36.945377,"24566","B5","G6350","S"
366,58.486004,"24586","B5","G6350","S"
367,71.845421,"24540","B5","G6350","S"
368,52.996330,"24549","B5","G6350","S"
369,34.178989,"24069","B5","G6350","S"
370,69.603500,"24563","B5","G6350","S"
371,197.581848,"24531","B5","G6350","S"
372,35.671547,"24527","B5","G6350","S"
373,22.054939,"24161","B5","G6350","S"
374,120.179367,"24609","B5","G6350","S"
375,122.484100,"24266","B5","G6350","S"
376,32.275768,"24649","B5","G6350","S"
377,104.228462,"24224","B5","G6350","S"
378,91.408653,"24260","B5","G6350","S"
379,7.254367,"24280","B5","G6350","S"
380,39.979786,"24639","B5","G6350","S"
381,14.880724,"24646","B5","G6350","S"
382,79.300674,"23140","B5","G6350","S"
383,29.803703,"23141","B5","G6350","S"
384,62.008297,"23181","B5","G6350","S"
385,58.445091,"23089","B5","G6350","S"
386,18.211821,"23011","B5","G6350","S"
387,121.929970,"23970","B5","G6350","S"
388,136.832703,"23944","B5","G6350","S"
389,11.314298,"23952","B5","G6350","S"
390,3.535584,"22433","B5","G6350","S"
391,19.746552,"22972","B5","G6350","S"
392,116.862579,"22960","B5","G6350","S"
393,2.355839,"22957","B5","G6350","S"
394,41.566597,"22567","B5","G6350","S"
395,20.892752,"22542","B5","G6350","S"
396,46.491890,"22923","B5","G6350","S"
397,67.760277,"22508","B5","G6350","S"
398,0.099319,"24142","B5","G6350","S"
399,71.619720,"23942","B5","G6350","S"
400,92.398773,"23974","B5","G6350","S"
401,63.062172,"23954","B5","G6350","S"
402,3.740999,"23707","B5","G6350","S"
403,2.159693,"237HH","B5","G6350","S"
404,5.343146,"23704","B5","G6350","S"
405,2.629855,"23702","B5","G6350","S"
406,0.178684,"23708","B5","G6350","S"
407,7.674018,"23701","B5","G6350","S"
408,8.632548,"23703","B5","G6350","S"
409,26.443163,"23834","B5","G6350","S"
410,92.423271,"22520","B5","G6350","S"
411,158.923019,"22572","B5","G6350","S"
412,58.160046,"22460","B5","G6350","S"
413,0.026397,"22548","B5","G6350","S"
414,37.090233,"224HH","B5","G6350","S"
415,50.074745,"225HH","B5","G6350","S"
416,3.095429,"23899","B5","G6350","S"
417,45.630516,"23846","B5","G6350","S"
418,51.413754,"23883","B5","G6350","S"
419,141.590164,"23842","B5","G6350","S"
420,177.451981,"23890","B5","G6350","S"
421,120.201370,"23881","B5","G6350","S"
422,37.972942,"23839","B5","G6350","S"
423,63.736378,"22443","B5","G6350","S"
424,26.586479,"22488","B5","G6350","S"
425,36.927193,"22469","B5","G6350","S"
426,2.935284,"22529","B5","G6350","S"
427,72.171013,"24148","B5","G6350","S"
428,151.440552,"24112","B5","G6350","S"
429,0.015186,"27048","B5","G6350","S"
430,35.861927,"24530","B5","G6350","S"
431,39.034657,"24165","B5","G6350","S"
432,1.263281,"24168","B5","G6350","S"
433,98.151688,"24054","B5","G6350","S"
434,38.688583,"24102","B5","G6350","S"
435,80.607170,"24055","B5","G6350","S"
436,7.508139,"24078","B5","G6350","S"
437,11.070712,"24089","B5","G6350","S"
438,94.079826,"24073","B5","G6350","S"
439,32.543179,"24162","B5","G6350","S"
440,57.010036,"24087","B5","G6350","S"
441,134.474564,"24060","B5","G6350","S"
442,84.954048,"24216","B5","G6350","S"
443,39.758541,"24273","B5","G6350","S"
444,75.789345,"24279","B5","G6350","S"
445,0.012522,"24215","B5","G6350","S"
446,1.561661,"24285","B5","G6350","S"
447,73.722137,"24219","B5","G6350","S"
448,55.159702,"24293","B5","G6350","S"
449,27.223236,"24374","B5","G6350","S"
450,19.365498,"24322","B5","G6350","S"
451,90.572357,"24360","B5","G6350","S"
452,23.317780,"24323","B5","G6350","S"
453,6.499351,"24313","B5","G6350","S"
454,42.927971,"24324","B5","G6350","S"
455,67.338165,"24368","B5","G6350","S"
456,187.541855,"24382","B5","G6350","S"
457,216.610260,"24450","B5","G6350","S"
458,44.426182,"24133","B5","G6350","S"
459,206.061844,"24171","B5","G6350","S"
460,47.439236,"24185","B5","G6350","S"
461,8.283150,"24082","B5","G6350","S"
462,109.423065,"24088","B5","G6350","S"
463,24.716112,"24076","B5","G6350","S"
464,129.780762,"24401","B5","G6350","S"
465,153.482742,"23322","B5","G6350","S"
466,27.193062,"23321","B5","G6350","S"
467,123.427483,"23323","B5","G6350","S"
468,3.840716,"23325","B5","G6350","S"
469,6.770416,"23324","B5","G6350","S"
470,32.737724,"23320","B5","G6350","S"
471,34.093555,"24603","B5","G6350","S"
472,0.173426,"24624","B5","G6350","S"
473,3.717130,"24239","B5","G6350","S"
474,17.586529,"24657","B5","G6350","S"
475,74.375656,"24620","B5","G6350","S"
476,133.639404,"24614","B5","G6350","S"
477,55.781845,"24622","B5","G6350","S"
478,9.986832,"24634","B5","G6350","S"
479,4.984601,"24628","B5","G6350","S"
480,71.358498,"24656","B5","G6350","S"
481,42.512638,"24631","B5","G6350","S"
482,95.183357,"23231","B5","G6350","S"
483,2.468837,"23050","B5","G6350","S"
484,158.833511,"23061","B5","G6350","S"
485,47.360489,"23149","B5","G6350","S"
486,41.656673,"23072","B5","G6350","S"
487,8.479724,"23128","B5","G6350","S"
488,1.490074,"23062","B5","G6350","S"
489,0.233785,"23184","B5","G6350","S"
490,0.157855,"23001","B5","G6350","S"
491,0.335083,"23178","B5","G6350","S"
492,44.657951,"22408","B5","G6350","S"
493,10.138354,"22535","B5","G6350","S"
494,150.137543,"22427","B5","G6350","S"
495,92.698792,"22580","B5","G6350","S"
496,45.188156,"22438","B5","G6350","S"
497,88.992859,"22514","B5","G6350","S"
498,2.816332,"224XX","B5","G6350","S"
499,0.010555,"225XX","B5","G6350","S"
500,12.746632,"22538","B5","G6350","S"
501,141.170456,"23030","B5","G6350","S"
502,11.426209,"23224","B5","G6350","S"
503,95.099686,"23838","B5","G6350","S"
504,13.875705,"23236","B5","G6350","S"
505,14.374104,"23225","B5","G6350","S"
506,23.305952,"23831","B5","G6350","S"
507,19.962053,"23234","B5","G6350","S"
508,27.937487,"23836","B5","G6350","S"
509,17.504860,"23235","B5","G6350","S"
510,34.724636,"23112","B5","G6350","S"
511,20.006098,"23237","B5","G6350","S"
512,43.793697,"23832","B5","G6350","S"
513,30.727280,"22079","B5","G6350","S"
514,10.757852,"22102","B5","G6350","S"
515,12.947732,"22060","B5","G6350","S"
516,7.222259,"22031","B5","G6350","S"
517,11.444176,"22182","B5","G6350","S"
518,2.862216,"22041","B5","G6350","S"
519,5.391410,"22315","B5","G6350","S"
520,5.848838,"22180","B5","G6350","S"
521,1.477670,"201HH","B5","G6350","S"
522,11.626958,"20171","B5","G6350","S"
523,22.576191,"20124","B5","G6350","S"
524,26.925608,"22066","B5","G6350","S"
525,16.819666,"20120","B5","G6350","S"
526,6.132521,"22152","B5","G6350","S"
527,18.671206,"22030","B5","G6350","S"
528,6.902555,"22306","B5","G6350","S"
529,8.298883,"22015","B5","G6350","S"
530,9.049417,"20121","B5","G6350","S"
531,2.821585,"22046","B5","G6350","S"
532,0.574629,"22027","B5","G6350","S"
533,4.693331,"22043","B5","G6350","S"
534,24.790300,"22039","B5","G6350","S"
535,8.379775,"22153","B5","G6350","S"
536,2.159086,"22303","B5","G6350","S"
537,8.497626,"20191","B5","G6350","S"
538,5.741949,"220HH","B5","G6350","S"
539,15.709626,"20151","B5","G6350","S"
540,7.512794,"22032","B5","G6350","S"
541,4.547898,"20190","B5","G6350","S"
542,12.908518,"22003","B5","G6350","S"
543,2.104373,"223HH","B5","G6350","S"
544,6.139526,"22042","B5","G6350","S"
545,8.976023,"22033","B5","G6350","S"
546,7.540303,"22309","B5","G6350","S"
547,4.506437,"22308","B5","G6350","S"
548,2.286372,"22044","B5","G6350","S"
549,9.175144,"22124","B5","G6350","S"
550,3.021637,"22307","B5","G6350","S"
551,8.727505,"20170","B5","G6350","S"
552,3.230183,"20194","B5","G6350","S"
553,6.856726,"22310","B5","G6350","S"
554,5.931795,"22181","B5","G6350","S"
555,5.256871,"22151","B5","G6350","S"
556,8.657463,"22150","B5","G6350","S"
557,4.476880,"22946","B5","G6350","S"
558,38.863419,"22969","B5","G6350","S"
559,0.276420,"22924","B5","G6350","S"
560,161.307129,"24590","B5","G6350","S"
561,105.779045,"22932","B5","G6350","S"
562,54.738674,"22901","B5","G6350","S"
563,16.640371,"24562","B5","G6350","S"
564,68.523659,"22903","B5","G6350","S"
565,1.950107,"229HH","B5","G6350","S"
566,39.186749,"22937","B5","G6350","S"
567,54.701370,"22959","B5","G6350","S"
568,56.687077,"22920","B5","G6350","S"
569,34.631245,"22936","B5","G6350","S"
570,21.005529,"22935","B5","G6350","S"
571,43.061989,"22968","B5","G6350","S"
572,7.055363,"22943","B5","G6350","S"
573,65.013832,"22902","B5","G6350","S"
574,10.316680,"22931","B5","G6350","S"
575,47.225719,"22911","B5","G6350","S"
576,37.565502,"22938","B5","G6350","S"
577,33.886356,"22940","B5","G6350","S"
578,1.703571,"22211","B5","G6350","S"
579,3.532727,"22202","B5","G6350","S"
580,4.046186,"22204","B5","G6350","S"
581,6.514805,"22207","B5","G6350","S"
582,2.232746,"22201","B5","G6350","S"
583,2.727567,"22205","B5","G6350","S"
584,0.727016,"22209","B5","G6350","S"
585,0.532591,"22213","B5","G6350","S"
586,13.968032,"22101","B5","G6350","S"
587,1.593718,"22203","B5","G6350","S"
588,25.563484,"22436","B5","G6350","S"
589,46.779018,"22454","B5","G6350","S"
590,5.560933,"23115","B5","G6350","S"
591,54.943371,"23148","B5","G6350","S"
592,39.164661,"22437","B5","G6350","S"
593,19.717905,"22476","B5","G6350","S"
594,98.495667,"22560","B5","G6350","S"
595,11.203270,"22504","B5","G6350","S"
596,11.619818,"22509","B5","G6350","S"
597,105.902969,"24134","B5","G6350","S"
598,21.241455,"24150","B5","G6350","S"
599,43.408005,"24136","B5","G6350","S"
600,3.482049,"24167","B5","G6350","S"
601,3.959762,"24086","B5","G6350","S"
602,10.481480,"24094","B5","G6350","S"
603,3.430971,"24147","B5","G6350","S"
604,7.769983,"24093","B5","G6350","S"
605,52.369148,"23027","B5","G6350","S"
606,79.475517,"23038","B5","G6350","S"
607,118.044312,"22602","B5","G6350","S"
608,34.809387,"22655","B5","G6350","S"
609,7.827900,"22656","B5","G6350","S"
610,4.011583,"226HH","B5","G6350","S"
611,97.857208,"22603","B5","G6350","S"
612,43.629848,"22625","B5","G6350","S"
613,26.547234,"22663","B5","G6350","S"
614,35.602325,"22645","B5","G6350","S"
615,50.714836,"22654","B5","G6350","S"
616,20.290102,"22624","B5","G6350","S"
617,9.807915,"22601","B5","G6350","S"
618,41.154232,"22637","B5","G6350","S"
619,16.634630,"22939","B5","G6350","S"
620,31.712458,"24430","B5","G6350","S"
621,42.952950,"20117","B5","G6350","S"
622,17.595064,"20137","B5","G6350","S"
623,26.108191,"20184","B5","G6350","S"
624,24.490711,"22742","B5","G6350","S"
625,124.808426,"22630","B5","G6350","S"
626,0.622277,"20140","B5","G6350","S"
627,96.475990,"22554","B5","G6350","S"
628,83.312241,"24485","B5","G6350","S"
629,13.286976,"24431","B5","G6350","S"
630,64.954948,"24479","B5","G6350","S"
631,79.841957,"24421","B5","G6350","S"
632,23.948532,"24486","B5","G6350","S"
633,139.849838,"228XX","B5","G6350","S"
634,0.041463,"24463","B5","G6350","S"
635,49.181549,"22812","B5","G6350","S"
636,6.872201,"24475","B5","G6350","S"
637,97.924530,"24439","B5","G6350","S"
638,91.244240,"22980","B5","G6350","S"
639,12.307856,"24437","B5","G6350","S"
640,22.375120,"24440","B5","G6350","S"
641,46.618519,"24477","B5","G6350","S"
642,34.855820,"24432","B5","G6350","S"
643,30.359653,"22841","B5","G6350","S"
644,61.707970,"22843","B5","G6350","S"
645,30.122356,"22958","B5","G6350","S"
646,44.212093,"24441","B5","G6350","S"
647,19.944897,"24467","B5","G6350","S"
648,40.783310,"24459","B5","G6350","S"
649,48.989323,"22952","B5","G6350","S"
650,67.229378,"24472","B5","G6350","S"
651,14.823442,"24482","B5","G6350","S"
652,0.594534,"20139","B5","G6350","S"
653,2.261416,"22643","B5","G6350","S"
654,69.415268,"20187","B5","G6350","S"
655,0.983421,"20130","B5","G6350","S"
656,2.405446,"20138","B5","G6350","S"
657,57.285675,"20181","B5","G6350","S"
658,39.838230,"22728","B5","G6350","S"
659,49.009480,"22642","B5","G6350","S"
660,28.715662,"22639","B5","G6350","S"
661,38.629532,"22712","B5","G6350","S"
662,60.701664,"20198","B5","G6350","S"
663,99.246941,"20115","B5","G6350","S"
664,72.182495,"22406","B5","G6350","S"
665,16.846136,"22720","B5","G6350","S"
666,3.260398,"20118","B5","G6350","S"
667,39.140057,"20144","B5","G6350","S"
668,66.483284,"20119","B5","G6350","S"
669,148.671814,"24484","B5","G6350","S"
670,77.507950,"24487","B5","G6350","S"
671,0.897645,"24412","B5","G6350","S"
672,255.794571,"24460","B5","G6350","S"
673,47.906326,"23004","B5","G6350","S"
674,55.147625,"24599","B5","G6350","S"
675,134.848602,"23040","B5","G6350","S"
676,208.359665,"23936","B5","G6350","S"
677,41.812500,"23123","B5","G6350","S"
678,84.749870,"23921","B5","G6350","S"
679,35.843346,"23885","B5","G6350","S"
680,118.175835,"23872","B5","G6350","S"
681,36.314583,"23894","B5","G6350","S"
682,75.791695,"23841","B5","G6350","S"
683,50.559441,"23840","B5","G6350","S"
684,101.186897,"24445","B5","G6350","S"
685,0.059938,"24474","B5","G6350","S"
686,1.931601,"244HH","B5","G6350","S"
687,361.036346,"24426","B5","G6350","S"
688,0.593862,"24457","B5","G6350","S"
689,38.335999,"24593","B5","G6350","S"
690,0.936882,"23939","B5","G6350","S"
691,209.998001,"24522","B5","G6350","S"
692,91.726509,"24065","B5","G6350","S"
693,165.277283,"24151","B5","G6350","S"
694,40.052395,"24092","B5","G6350","S"
695,40.487610,"24184","B5","G6350","S"
696,16.362379,"24176","B5","G6350","S"
697,61.646854,"24067","B5","G6350","S"
698,20.592146,"23055","B5","G6350","S"
699,124.695961,"22963","B5","G6350","S"
700,22.179539,"23022","B5","G6350","S"
701,180.533310,"22485","B5","G6350","S"
702,4.072028,"22448","B5","G6350","S"
703,3.508157,"23221","B5","G6350","S"
704,1.462483,"23219","B5","G6350","S"
705,0.060515,"23298","B5","G6350","S"
706,4.908008,"23220","B5","G6350","S"
707,72.228363,"22842","B5","G6350","S"
708,39.071217,"22644","B5","G6350","S"
709,70.412605,"22652","B5","G6350","S"
710,85.986969,"22824","B5","G6350","S"
711,20.804667,"22847","B5","G6350","S"
712,0.232253,"22626","B5","G6350","S"
713,64.675781,"22657","B5","G6350","S"
714,9.333385,"22660","B5","G6350","S"
715,49.925663,"22664","B5","G6350","S"
716,3.912683,"22641","B5","G6350","S"
717,1.141752,"22845","B5","G6350","S"
718,24.214048,"22810","B5","G6350","S"
719,86.799179,"24301","B5","G6350","S"
720,3.656804,"24058","B5","G6350","S"
721,87.052803,"24084","B5","G6350","S"
722,11.764682,"24132","B5","G6350","S"
723,32.164112,"22534","B5","G6350","S"
724,212.828415,"22553","B5","G6350","S"
725,54.498028,"20135","B5","G6350","S"
726,3.189952,"22646","B5","G6350","S"
727,81.331970,"22611","B5","G6350","S"
728,45.275871,"22620","B5","G6350","S"
729,79.757545,"23009","B5","G6350","S"
730,27.031792,"23106","B5","G6350","S"
731,18.195881,"23079","B5","G6350","S"
732,9.738158,"23092","B5","G6350","S"
733,9.981735,"23071","B5","G6350","S"
734,8.413510,"23169","B5","G6350","S"
735,5.680735,"23176","B5","G6350","S"
736,13.805877,"23175","B5","G6350","S"
737,1.971875,"23070","B5","G6350","S"
738,15.273448,"23180","B5","G6350","S"
739,8.660258,"23043","B5","G6350","S"
740,0.335339,"23186","B5","G6350","S"
741,4.062621,"23230","B5","G6350","S"
742,4.552619,"23075","B5","G6350","S"
743,33.875263,"23150","B5","G6350","S"
744,11.791355,"23227","B5","G6350","S"
745,3.206977,"232HH","B5","G6350","S"
746,14.794913,"23060","B5","G6350","S"
747,11.502729,"23228","B5","G6350","S"
748,13.435163,"23229","B5","G6350","S"
749,17.376316,"23223","B5","G6350","S"
750,6.129595,"23226","B5","G6350","S"
751,8.222736,"23222","B5","G6350","S"
752,4.095059,"23294","B5","G6350","S"
753,79.422050,"23086","B5","G6350","S"
754,82.610893,"22815","B5","G6350","S"
755,35.070976,"22853","B5","G6350","S"
756,21.072836,"22840","B5","G6350","S"
757,12.592946,"22850","B5","G6350","S"
758,14.420326,"22832","B5","G6350","S"
759,61.867664,"22821","B5","G6350","S"
760,7.075146,"22846","B5","G6350","S"
761,49.687531,"22844","B5","G6350","S"
762,84.525917,"22802","B5","G6350","S"
763,31.541866,"22801","B5","G6350","S"
764,18.763275,"24471","B5","G6350","S"
765,23.595751,"22834","B5","G6350","S"
766,26.730350,"22811","B5","G6350","S"
767,40.687332,"22820","B5","G6350","S"
768,1.195483,"228HH","B5","G6350","S"
769,58.334087,"22830","B5","G6350","S"
770,0.075533,"244XX","B5","G6350","S"
771,61.445805,"22831","B5","G6350","S"
772,37.587196,"23438","B5","G6350","S"
773,11.252882,"23432","B5","G6350","S"
774,2.201930,"23433","B5","G6350","S"
775,209.708740,"23434","B5","G6350","S"
776,102.847252,"23437","B5","G6350","S"
777,39.810310,"23435","B5","G6350","S"
778,1.906782,"23436","B5","G6350","S"
779,5.190186,"23025","B5","G6350","S"
780,16.916586,"23035","B5","G6350","S"
781,1.743032,"23066","B5","G6350","S"
782,4.091653,"23045","B5","G6350","S"
783,0.552412,"23064","B5","G6350","S"
784,10.105300,"23138","B5","G6350","S"
785,20.433401,"23109","B5","G6350","S"
786,1.350704,"23163","B5","G6350","S"
787,5.404406,"23056","B5","G6350","S"
788,0.589431,"23125","B5","G6350","S"
789,1.372952,"23068","B5","G6350","S"
790,3.092587,"23021","B5","G6350","S"
791,2.408278,"23119","B5","G6350","S"
792,1.531103,"23130","B5","G6350","S"
793,3.190958,"23076","B5","G6350","S"
794,111.892532,"22473","B5","G6350","S"
795,26.432226,"22435","B5","G6350","S"
796,4.236683,"22432","B5","G6350","S"
797,18.054396,"22539","B5","G6350","S"
798,0.174709,"22579","B5","G6350","S"
799,13.963455,"22511","B5","G6350","S"
800,1.227989,"22722","B5","G6350","S"
801,60.895538,"227XX","B5","G6350","S"
802,1.773581,"22989","B5","G6350","S"
803,19.518667,"22743","B5","G6350","S"
804,2.525082,"22731","B5","G6350","S"
805,7.178580,"22719","B5","G6350","S"
806,8.445043,"22948","B5","G6350","S"
807,18.039125,"22715","B5","G6350","S"
808,94.642036,"22727","B5","G6350","S"
809,5.381124,"22730","B5","G6350","S"
810,11.509640,"22709","B5","G6350","S"
811,26.754526,"22738","B5","G6350","S"
812,5.904675,"22711","B5","G6350","S"
813,4.921663,"22732","B5","G6350","S"
814,3.796623,"22723","B5","G6350","S"
815,54.827702,"22405","B5","G6350","S"
816,5.351779,"23664","B5","G6350","S"
817,4.850022,"23661","B5","G6350","S"
818,3.674505,"23605","B5","G6350","S"
819,3.033730,"23663","B5","G6350","S"
820,0.731387,"23651","B5","G6350","S"
821,11.889294,"23669","B5","G6350","S"
822,20.745058,"23666","B5","G6350","S"
823,59.081848,"24361","B5","G6350","S"
824,53.924408,"24236","B5","G6350","S"
825,0.770285,"24327","B5","G6350","S"
826,65.418701,"24340","B5","G6350","S"
827,14.249741,"24270","B5","G6350","S"
828,79.904419,"24211","B5","G6350","S"
829,30.773285,"23879","B5","G6350","S"
830,34.617138,"23233","B5","G6350","S"
831,10.123823,"23153","B5","G6350","S"
832,6.055405,"23129","B5","G6350","S"
833,104.966446,"23063","B5","G6350","S"
834,16.084778,"23039","B5","G6350","S"
835,39.205620,"23103","B5","G6350","S"
836,22.281876,"229XX","B5","G6350","S"
837,73.140541,"22973","B5","G6350","S"
838,24.946106,"23126","B5","G6350","S"
839,41.671364,"23085","B5","G6350","S"
840,23.016296,"23032","B5","G6350","S"
841,10.027995,"23161","B5","G6350","S"
842,22.915169,"23091","B5","G6350","S"
843,35.833996,"23177","B5","G6350","S"
844,11.704625,"23023","B5","G6350","S"
845,13.870541,"23110","B5","G6350","S"
846,42.219151,"23156","B5","G6350","S"
847,13.747015,"23108","B5","G6350","S"
848,7.785511,"24316","B5","G6350","S"
849,40.836365,"24311","B5","G6350","S"
850,63.438469,"24375","B5","G6350","S"
851,73.648979,"24319","B5","G6350","S"
852,114.714020,"24354","B5","G6350","S"
853,153.201019,"24370","B5","G6350","S"
854,51.831882,"24277","B5","G6350","S"
855,51.916706,"24281","B5","G6350","S"
856,109.628105,"24263","B5","G6350","S"
857,1.505605,"24218","B5","G6350","S"
858,55.409931,"24248","B5","G6350","S"
859,171.632217,"24244","B5","G6350","S"
860,54.620205,"24221","B5","G6350","S"
861,28.450182,"24243","B5","G6350","S"
862,34.420570,"24265","B5","G6350","S"
863,38.666744,"24578","B5","G6350","S"
864,33.257172,"24579","B5","G6350","S"
865,61.407753,"24473","B5","G6350","S"
866,0.916005,"24415","B5","G6350","S"
867,66.581490,"24416","B5","G6350","S"
868,19.600473,"24555","B5","G6350","S"
869,27.023733,"24435","B5","G6350","S"
870,4.867149,"22480","B5","G6350","S"
871,90.048134,"22503","B5","G6350","S"
872,1.709434,"22507","B5","G6350","S"
873,28.877157,"22482","B5","G6350","S"
874,18.035254,"22578","B5","G6350","S"
875,10.719630,"22576","B5","G6350","S"
876,9.476533,"20143","B5","G6350","S"
877,21.436077,"22192","B5","G6350","S"
878,15.536902,"22026","B5","G6350","S"
879,16.851238,"20111","B5","G6350","S"
880,12.650348,"20110","B5","G6350","S"
881,18.207214,"22193","B5","G6350","S"
882,16.807116,"22191","B5","G6350","S"
883,58.631187,"22134","B5","G6350","S"
884,45.650719,"22172","B5","G6350","S"
885,2.586674,"221HH","B5","G6350","S"
886,16.768774,"20136","B5","G6350","S"
887,25.493166,"20155","B5","G6350","S"
888,0.059893,"22125","B5","G6350","S"
889,20.042515,"20109","B5","G6350","S"
890,34.209377,"20112","B5","G6350","S"
891,32.210773,"20169","B5","G6350","S"
892,17.820374,"24282","B5","G6350","S"
893,25.349424,"23405","B5","G6350","S"
894,5.976476,"23354","B5","G6350","S"
895,113.592628,"23310","B5","G6350","S"
896,7.828181,"23307","B5","G6350","S"
897,1.126409,"23347","B5","G6350","S"
898,0.194055,"23316","B5","G6350","S"
899,30.981762,"23350","B5","G6350","S"
900,25.635273,"23413","B5","G6350","S"
901,44.741024,"23860","B5","G6350","S"
902,31.773270,"23875","B5","G6350","S"
903,8.998401,"23801","B5","G6350","S"
904,87.515587,"22851","B5","G6350","S"
905,129.888397,"22835","B5","G6350","S"
906,33.018372,"22849","B5","G6350","S"
907,142.758774,"22827","B5","G6350","S"
908,30.783501,"22650","B5","G6350","S"
909,0.093682,"24020","B5","G6350","S"
910,13.891830,"24059","B5","G6350","S"
911,40.064259,"22747","B5","G6350","S"
912,24.089657,"22627","B5","G6350","S"
913,34.334415,"22716","B5","G6350","S"
914,21.113676,"22640","B5","G6350","S"
915,20.654453,"22749","B5","G6350","S"
916,15.386443,"23662","B5","G6350","S"
917,35.153038,"20105","B5","G6350","S"
918,9.178539,"20148","B5","G6350","S"
919,0.200281,"217HH","B5","G6350","S"
920,22.797262,"20141","B5","G6350","S"
921,7.300044,"20164","B5","G6350","S"
922,44.781506,"20180","B5","G6350","S"
923,29.661093,"20152","B5","G6350","S"
924,65.536163,"20175","B5","G6350","S"
925,57.260693,"20176","B5","G6350","S"
926,15.831455,"20166","B5","G6350","S"
927,10.053158,"20165","B5","G6350","S"
928,86.948059,"20132","B5","G6350","S"
929,13.369802,"20197","B5","G6350","S"
930,28.112654,"20147","B5","G6350","S"
931,1.549094,"20129","B5","G6350","S"
932,13.337636,"20158","B5","G6350","S"
933,30.975365,"23168","B5","G6350","S"
934,174.884567,"24465","B5","G6350","S"
935,63.994007,"24442","B5","G6350","S"
936,37.045513,"24413","B5","G6350","S"
937,90.829124,"24458","B5","G6350","S"
938,15.400872,"24433","B5","G6350","S"
939,3.218028,"22954","B5","G6350","S"
940,37.783951,"22976","B5","G6350","S"
941,68.269928,"22971","B5","G6350","S"
942,3.031945,"24581","B5","G6350","S"
943,19.074350,"24464","B5","G6350","S"
944,2.311975,"22964","B5","G6350","S"
945,41.072750,"22949","B5","G6350","S"
946,137.985977,"24210","B5","G6350","S"
947,136.169617,"24202","B5","G6350","S"
948,10.058254,"24201","B5","G6350","S"
949,52.609360,"22610","B5","G6350","S"
950,13.300849,"23602","B5","G6350","S"
951,5.561047,"23607","B5","G6350","S"
952,9.566146,"23606","B5","G6350","S"
953,11.646557,"23604","B5","G6350","S"
954,9.954752,"23608","B5","G6350","S"
955,7.553007,"23601","B5","G6350","S"
956,7.228485,"23603","B5","G6350","S"
957,8.457777,"23518","B5","G6350","S"
958,4.118976,"23504","B5","G6350","S"
959,1.184383,"23510","B5","G6350","S"
960,7.985633,"23505","B5","G6350","S"
961,9.589802,"23503","B5","G6350","S"
962,2.572040,"23509","B5","G6350","S"
963,2.148072,"23523","B5","G6350","S"
964,0.820869,"23517","B5","G6350","S"
965,2.885628,"23508","B5","G6350","S"
966,8.553501,"23502","B5","G6350","S"
967,4.977327,"23513","B5","G6350","S"
968,1.524778,"23507","B5","G6350","S"
969,31.529932,"24377","B5","G6350","S"
970,24.184385,"24637","B5","G6350","S"
971,8.103063,"24601","B5","G6350","S"
972,141.509232,"24651","B5","G6350","S"
973,74.395248,"24605","B5","G6350","S"
974,21.765488,"24641","B5","G6350","S"
975,5.101956,"24635","B5","G6350","S"
976,4.987951,"24606","B5","G6350","S"
977,3.704942,"24604","B5","G6350","S"
978,37.530117,"24602","B5","G6350","S"
979,1.002012,"24612","B5","G6350","S"
980,16.527378,"24613","B5","G6350","S"
981,51.411514,"24630","B5","G6350","S"
982,7.700562,"24290","B5","G6350","S"
983,115.779350,"24251","B5","G6350","S"
984,63.424770,"24245","B5","G6350","S"
985,0.273716,"37642","B5","G6350","S"
986,32.604988,"24258","B5","G6350","S"
987,62.304714,"24271","B5","G6350","S"
988,56.718903,"24250","B5","G6350","S"
989,0.000801,"272HH","B5","G6350","S"
990,0.000427,"273HH","B5","G6350","S"
991,0.027612,"27862","B5","G6350","S"
992,0.003895,"27876","B5","G6350","S"
993,0.024366,"27866","B5","G6350","S"
994,0.002557,"27853","B5","G6350","S"
995,0.000999,"27831","B5","G6350","S"
996,0.022547,"27832","B5","G6350","S"
997,0.003863,"27551","B5","G6350","S"
998,0.005917,"27589","B5","G6350","S"
999,0.000811,"27536","B5","G6350","S"
1000,0.032123,"27842","B5","G6350","S"
1001,0.013983,"27850","B5","G6350","S"
1002,0.000399,"27563","B5","G6350","S"
1003,0.008777,"27553","B5","G6350","S"
1004,0.005856,"279HH","B5","G6350","S"
1005,0.053395,"27288","B5","G6350","S"
1006,0.002539,"27311","B5","G6350","S"
1007,0.003570,"27326","B5","G6350","S"
1008,0.002638,"278HH","B5","G6350","S"
1009,0.000141,"275HH","B5","G6350","S"
1010,0.003033,"27573","B5","G6350","S"
1011,0.003250,"27565","B5","G6350","S"
1012,0.020807,"27507","B5","G6350","S"
1013,0.010197,"27976","B5","G6350","S"
1014,0.000295,"27315","B5","G6350","S"
1015,0.001885,"27343","B5","G6350","S"
1016,0.001341,"27305","B5","G6350","S"
1017,0.022688,"27818","B5","G6350","S"
1018,0.002649,"27927","B5","G6350","S"
1019,0.006634,"27950","B5","G6350","S"
1020,0.000794,"27958","B5","G6350","S"
1021,0.008540,"27926","B5","G6350","S"
1022,0.007931,"27937","B5","G6350","S"
1023,0.004895,"28663","B5","G6350","S"
1024,0.003596,"27024","B5","G6350","S"
1025,0.000976,"28623","B5","G6350","S"
1026,0.045205,"28675","B5","G6350","S"
1027,0.005579,"27022","B5","G6350","S"
1028,0.013140,"27030","B5","G6350","S"
1029,0.010443,"28631","B5","G6350","S"
1030,0.013185,"28643","B5","G6350","S"
1031,0.038213,"20693","B5","G6350","S"
1032,0.000254,"20664","B5","G6350","S"
1033,0.313080,"206HH","B5","G6350","S"
1034,0.041282,"20680","B5","G6350","S"
1035,0.077930,"218HH","B5","G6350","S"
1036,0.004314,"21758","B5","G6350","S"
1037,0.000007,"37617","B5","G6350","S"
1038,0.022866,"37620","B5","G6350","S"
1039,0.016193,"37660","B5","G6350","S"
1040,0.041122,"203XX","B5","G6350","S"
1041,0.122713,"207HH","B5","G6350","S"
1042,0.002149,"20024","B5","G6350","S"
1043,0.101053,"200HH","B5","G6350","S"
1044,0.004224,"21838","B5","G6350","S"
1045,0.004380,"21824","B5","G6350","S"
1046,0.008424,"21790","B5","G6350","S"
1047,0.008186,"21777","B5","G6350","S"
1048,0.397939,"208HH","B5","G6350","S"
1049,0.001175,"20854","B5","G6350","S"
1050,0.000507,"21851","B5","G6350","S"
1051,0.001117,"21864","B5","G6350","S"
1052,0.005284,"37869","B5","G6350","S"
1053,0.006408,"37879","B5","G6350","S"
1054,0.009242,"37752","B5","G6350","S"
1055,0.005238,"37724","B5","G6350","S"
1056,0.000327,"37731","B5","G6350","S"
1057,0.012421,"37765","B5","G6350","S"
1058,0.000794,"37873","B5","G6350","S"
1059,0.001574,"37683","B5","G6350","S"
1060,0.003244,"37680","B5","G6350","S"
