"","Group.1","respondent","zip","ideal_point","ideal_point_se"
"1",20105,202478310.692308,20105,-0.414185484076923,0.586954258249873
"2",20106,2962587004.5,20106,1.332015916875,0.641363355406967
"3",20109,1476250800.15385,20109,-0.315380657015385,0.569147737981373
"4",20110,2344701350.23333,20110,0.0866314565333333,0.667953403033292
"5",20111,325116113.424242,20111,-0.140213585393939,0.581964427589642
"6",20112,1027507176.07843,20112,0.17923059627451,0.579872846568017
"7",20115,362848448.125,20115,0.069092405,0.555332315239873
"8",20117,3501364051.66667,20117,-0.785559106666667,0.518355508330326
"9",20118,70473,20118,-1.981816093,0.487116021230556
"10",20119,73246872.75,20119,-0.66797007275,0.489677701372611
"11",20120,2815907149.3,20120,0.167381276342857,0.668833799030307
"12",20121,1129049327.7037,20121,0.0707709515925926,0.581988138994896
"13",20124,100321434.35,20124,0.3471370573,0.523781949314426
"14",20132,2019040587.31818,20132,0.119216531772727,0.5927436548617
"15",20135,350257182.75,20135,0.929135899,0.482084124687933
"16",20136,138788566,20136,0.698194144176471,0.528484413932258
"17",20137,488054790.25,20137,-0.53136600375,0.568125562046335
"18",20141,580489481.714286,20141,0.0767013124285714,0.63055277438525
"19",20143,671020010,20143,0.786886828,0.583821222721692
"20",20147,1974842032.62121,20147,-0.178990822833333,0.621468210832834
"21",20148,263709463.703704,20148,-0.221735533259259,0.539238234620673
"22",20151,1177136323.22727,20151,0.121590150090909,0.582325663746414
"23",20152,1102175454.55882,20152,0.195047476,0.562010203879235
"24",20155,1329966463,20155,0.195136496925926,0.579222258346306
"25",20158,311568084.6,20158,-0.582819376,0.51990960096716
"26",20164,2831904495.64151,20164,0.134843544245283,0.5927444737374
"27",20165,811921499.510638,20165,-0.00257280563829789,0.652132246745485
"28",20166,69486652.8,20166,-0.7141064544,0.555491794691982
"29",20169,1345944863.96296,20169,0.373243563740741,0.568643308712554
"30",20170,2689216584.09259,20170,0.451592129962963,0.595744132129137
"31",20171,827705824.78,20171,-0.24965713134,0.564521733758747
"32",20175,3048772445.16216,20175,-0.0632957278648649,0.665953924232926
"33",20176,927332647.093023,20176,-0.294341846860465,0.569277941909484
"34",20180,288457441.4,20180,0.6628231984,0.55250983674195
"35",20181,371997752.285714,20181,0.346827888714286,0.549895291810565
"36",20186,3046174189.95238,20186,0.257852835,0.543291463282372
"37",20187,1170701716.25,20187,-0.11727544725,0.595335920689846
"38",20190,624272379.137931,20190,0.00322016937931032,0.54729167401787
"39",20191,2479977798.90909,20191,-0.307205920439394,0.606314499884314
"40",20194,247686810.692308,20194,0.122229086461538,0.627273925762431
"41",20198,740466134.666667,20198,0.733486612333333,0.708543166431293
"42",22003,1565773558.17241,22003,0.0691570448965517,0.650411789970998
"43",22015,2031838212.24658,22015,-0.0668710557260274,0.580088063496864
"44",22025,101083979.866667,22025,0.528766570066667,0.506261073178901
"45",22026,2986372200.04545,22026,-0.6400177345,0.608810061097612
"46",22027,1107300786,22027,-0.1780428235,0.829146894850276
"47",22030,1646705069.33721,22030,-0.0589524142674419,0.598656841599409
"48",22031,1100831357.87879,22031,-0.716385129333333,0.555004774536041
"49",22032,1508144494.42857,22032,-0.391025858285714,0.559228629590771
"50",22033,246796594.294118,22033,0.0972774878431373,0.555103897882022
"51",22039,1540456085.8,22039,0.15642259776,0.623603088280168
"52",22041,4477713230.02381,22041,-0.37768206252381,0.669207417383012
"53",22042,4473919794.6383,22042,-0.297486572893617,0.678336766545522
"54",22043,386707200.368421,22043,-0.690407728052632,0.704553500852062
"55",22044,344479048.545455,22044,-0.621412255545455,0.651094352533733
"56",22046,486895612.384615,22046,-0.119806421846154,0.647772661452534
"57",22060,2962909923.42857,22060,-0.835387153714286,0.594989522823468
"58",22066,1949100267,22066,-0.609331910294118,0.643440962818609
"59",22079,1507759497.17391,22079,0.395176965913044,0.573557313975482
"60",22101,2268700550.81818,22101,-0.381059603218182,0.651678170073757
"61",22102,2746246677.68293,22102,0.20425880797561,0.648539397483221
"62",22124,272989879.285714,22124,-0.298903447666667,0.6039488593735
"63",22125,18157,22125,0.822190709,0.423687147339918
"64",22134,2322384382.6,22134,0.7913183685,0.603733763086897
"65",22150,465188615.95,22150,-0.3111142971,0.702696074084453
"66",22151,406597718.913043,22151,-0.838686721,0.606722574370989
"67",22152,2488594751.35714,22152,-0.259145851964286,0.618541802384025
"68",22153,1501629366.63636,22153,-0.0245254608181818,0.650812407209588
"69",22172,317162500.230769,22172,-0.614306709153846,0.643028399433906
"70",22180,2585026190.36667,22180,0.4192775212,0.590843744919336
"71",22181,3152994419,22181,-0.079763946,0.699436040454176
"72",22182,567411894.40625,22182,0.000257286468749985,0.675267703870175
"73",22191,592642253.967742,22191,-0.491427683967742,0.61073891625362
"74",22192,1939082472.91765,22192,-0.0750427892941176,0.639256939103897
"75",22193,2754873484.13978,22193,0.199468744473118,0.681887558279006
"76",22201,3968691719.86585,22201,-0.62830387602439,0.630087738199401
"77",22202,529671120.577778,22202,-0.8624108198,0.6156840539744
"78",22203,350166750.44,22203,-0.73638476868,0.644916260110045
"79",22204,3478148436.45,22204,-0.86081698295,0.703523880791545
"80",22205,1963159159.83333,22205,-1.10713010354167,0.611952175992286
"81",22206,405198979.837838,22206,-0.728969644027027,0.606521426378503
"82",22207,2216414379.90476,22207,-0.598493172357143,0.631203457137407
"83",22209,195433166.083333,22209,0.0144025559166667,0.556567918641229
"84",22213,281104225.833333,22213,-0.507567325333333,0.572234053645037
"85",22214,131113289,22214,0.602242866,0.255823080136634
"86",22301,463533009.9375,22301,-0.78651699525,0.617811470540407
"87",22302,317358640.535714,22302,-0.975549416178571,0.582831842741116
"88",22303,4394413940.21053,22303,-0.678987599473684,0.665587735359524
"89",22304,1879214092.11538,22304,-0.463106484826923,0.619762907299256
"90",22305,382135576.285714,22305,-0.758585387285714,0.652627579571287
"91",22306,2998017610.12,22306,-0.31273059282,0.558201284469754
"92",22307,443201057.533333,22307,-0.98099037,0.591362422802778
"93",22308,329169988,22308,-0.57090433268421,0.649226180873585
"94",22309,3164726178,22309,0.0224064048148148,0.584676575506513
"95",22310,1017373645.33333,22310,0.128325682179487,0.569876083623527
"96",22311,758518547.956522,22311,-0.634003111826087,0.618714029046291
"97",22312,416543972.16,22312,0.35293846412,0.641243417293842
"98",22314,2649431334.60714,22314,-0.474855480928571,0.636197379214381
"99",22315,1726157770.5,22315,-0.296163517692308,0.564968335090867
"100",22401,1147794021.46154,22401,-0.632620766730769,0.629045216042233
"101",22405,1300801991.78571,22405,0.312706391071429,0.60497270478285
"102",22406,242675881.148148,22406,0.211155757444444,0.531084377716717
"103",22407,1744117417.03125,22407,0.375810541328125,0.596368093142158
"104",22408,787306296.394737,22408,0.160798253868421,0.540350730983665
"105",22427,4533030051.4,22427,1.1436730796,0.758108114954097
"106",22435,5169742136.5,22435,-1.092963906,0.527700086623688
"107",22443,1046025579.375,22443,0.9476269184375,0.575757791986886
"108",22448,446794086,22448,1.58708579133333,0.599369056096785
"109",22454,696392,22454,2.245913281,0.366155628367979
"110",22460,2600811473,22460,0.1484451735,0.55250136099311
"111",22469,55004,22469,-0.109175233,0.375523443905383
"112",22473,815097112.333333,22473,-1.19655787233333,0.897878454406167
"113",22480,2079790.66666667,22480,0.674929913,0.46198567891254
"114",22482,5141748234.5,22482,-0.493800803833333,0.606308745876579
"115",22485,2256453544.65,22485,0.31938296765,0.642582121602787
"116",22488,1103499131,22488,1.833443028,0.598198866288951
"117",22503,230500039,22503,-0.483243074,0.436376221957045
"118",22504,1103157151,22504,-0.740191947,1.03710546744239
"119",22507,227307193,22507,0.978605461,0.41339275840953
"120",22508,256443472.8,22508,0.655938577266667,0.59989190066609
"121",22514,552639460.5,22514,0.286127852,0.681570391073418
"122",22520,1935474499.33333,22520,0.712002100166667,0.585832863127734
"123",22534,636238576.5,22534,-0.1484360825,0.817355124061794
"124",22539,2539783628.88889,22539,-0.0440154852222222,0.627224236619905
"125",22542,76508371.3333333,22542,1.01000436,0.400492594745885
"126",22546,2745191580.25,22546,0.14437184045,0.643429245164281
"127",22551,94631305.5,22551,-0.436813636375,0.503598409060048
"128",22553,2694351063.52,22553,0.26190262764,0.658894003727036
"129",22554,1688283668.69565,22554,0.249293420492754,0.554705550664531
"130",22556,292747721.384615,22556,0.235222223807692,0.57625316373263
"131",22560,2398885542.88889,22560,-0.399036702333333,0.495312002748249
"132",22567,5085131487,22567,0.239846216,0.570031173048823
"133",22572,1186588366.25,22572,1.08450977516667,0.673287467417099
"134",22576,447125.5,22576,1.8519211625,0.422461189919428
"135",22578,306077701,22578,0.35945417075,0.626543743446095
"136",22580,288919179.666667,22580,0.954994068333333,0.485022550312191
"137",22601,4103051718.35849,22601,0.108074951660377,0.653190613823081
"138",22602,820075745.038462,22602,0.443413716346154,0.615479888662934
"139",22603,384271278.666667,22603,-0.102882704133333,0.571547775736022
"140",22610,511382767.8,22610,0.9806612506,0.720125442683025
"141",22611,1974872813.54545,22611,-0.486628092818182,0.534739934986561
"142",22620,5095792550.5,22620,0.27802389525,0.601278525241001
"143",22623,164558834,22623,1.302262799,0.552974418296376
"144",22624,1103042651,22624,-1.499158594,0.8359148052937
"145",22625,1113961142.18182,22625,0.147593269727273,0.552611121597478
"146",22630,2069579264.7,22630,0.03987687262,0.609554644575236
"147",22637,1170180,22637,-0.697357274,0.696907796723457
"148",22642,196292491,22642,0.3727265795,0.551887671015467
"149",22644,661275,22644,0.276717725,0.619593888327135
"150",22645,108063544.333333,22645,-0.789129813,0.51694177875704
"151",22646,129894920,22646,0.241698046,0.446389740673242
"152",22650,706861,22650,0.782628008,0.579619160711756
"153",22654,664288713.5,22654,0.4234860955,0.668802024422943
"154",22655,2043266804,22655,0.57635194076,0.650826051034173
"155",22656,206001548.333333,22656,0.353760003666667,0.492528062014551
"156",22657,991266106.833333,22657,-0.10820277175,0.548239739485997
"157",22660,2802890802.5,22660,-1.637935734,0.630678718507065
"158",22663,1103573591,22663,1.375700387,0.751492457729352
"159",22664,966935561.75,22664,0.6958729259375,0.616869149268557
"160",22701,2224969475.19565,22701,0.192624370521739,0.56566340861416
"161",22709,1111490791,22709,-1.799082243,0.660974373746922
"162",22712,2030763417.84615,22712,-0.106849940769231,0.739951025749397
"163",22713,213976811.333333,22713,-1.96326388466667,0.427000434491137
"164",22715,228780972,22715,0.419353823,0.376194067120954
"165",22720,1109312641,22720,-0.700656499,0.855486043415569
"166",22722,401312530.75,22722,-0.59668120775,0.707514578784385
"167",22724,83564,22724,1.827563353,0.483925420322982
"168",22726,5170009777.5,22726,-0.718773859,0.567330432028423
"169",22727,1829605800.14286,22727,-0.190472191428571,0.661386146575846
"170",22728,738659028,22728,0.709102483333333,0.913766368683792
"171",22729,6122293,22729,2.151596849,0.431735930616686
"172",22733,162258828,22733,-1.344240634,0.575761052052525
"173",22734,97625083.6666667,22734,1.08282800133333,0.482314122199593
"174",22735,143375535.25,22735,2.18252683875,0.456474930768445
"175",22737,829986762.25,22737,1.02255709775,0.658343483562133
"176",22738,65090600,22738,-1.3010379195,0.560398251000851
"177",22740,10110711907,22740,-0.109469553,0.8567776689975
"178",22741,668869836.5,22741,-1.112834065,0.702127350357008
"179",22742,1105966541,22742,0.076154262,1.05354652929778
"180",22747,499017601,22747,0.599777637333333,0.585119198495335
"181",22801,2707834610.32727,22801,0.00323745154545456,0.630568716965205
"182",22802,1208566422.83784,22802,-0.0397911123513514,0.667368820884712
"183",22807,27713,22807,-0.359898743,0.43231103755318
"184",22810,2055104429,22810,1.3300509698,0.573247723801102
"185",22812,455115238.4,22812,-0.2450591156,0.764222160319882
"186",22815,5569727498.69231,22815,-0.338679625076923,0.639954431595208
"187",22821,1374999951.2,22821,0.6069074593,0.586964402831087
"188",22824,2886713862.75,22824,0.46115095425,0.680847182986286
"189",22827,4173477160.46154,22827,0.130454768076923,0.693991141402229
"190",22830,53244,22830,0.206198061,0.390077525843442
"191",22832,10110720978,22832,0.509692851,0.824994956434921
"192",22834,78888964.6666667,22834,-1.255680645,0.506730579579053
"193",22835,1514983731.13043,22835,-0.393101006391304,0.581107706571931
"194",22840,2756161003.75,22840,0.944398245125,0.621257527165967
"195",22841,1110134751,22841,1.372602254,0.961158267891802
"196",22842,4145910413.125,22842,0.500296405125,0.686118305287392
"197",22843,553996287,22843,-0.3361697405,0.812975394935157
"198",22844,3648586734.66667,22844,0.0427109621111111,0.668652530225815
"199",22846,191215233,22846,2.23436879133333,0.439050545396051
"200",22849,3547795961.14286,22849,0.0783560071428572,0.79012240376276
"201",22850,1108997061,22850,1.2124957835,0.932036808537273
"202",22851,2636030705.25,22851,0.236707914166667,0.616724567418488
"203",22853,304900259,22853,0.813770439333333,0.555948418096369
"204",22901,1482960484.4321,22901,-0.340104259135802,0.571696739023428
"205",22902,428938730.076923,22902,-0.588069988,0.654716636516842
"206",22903,3729086857.07246,22903,-0.424125845188406,0.609331776123715
"207",22904,488397423.8,22904,-0.323808509,0.686678082477574
"208",22911,253662721.565217,22911,0.337933903130435,0.555839970893613
"209",22920,4520784592.8,22920,0.4747255658,0.719650450691776
"210",22922,1108291561,22922,2.118191479,0.445507414921958
"211",22923,516342648.857143,22923,-0.214610077714286,0.56788546392416
"212",22931,1108513511,22931,1.684696856,0.720415850671981
"213",22932,1824646386.71429,22932,-0.0877977851428571,0.564194466035675
"214",22936,548556869.666667,22936,-0.232100468777778,0.645542973224873
"215",22938,55471549,22938,2.069875308,0.482639852817812
"216",22939,346608853.25,22939,-0.223352747,0.64026324895196
"217",22940,162293152,22940,2.119200557,2.40644801117896
"218",22942,3203472236.1,22942,-0.703491068,0.638379625439241
"219",22947,684824379,22947,-0.0533012016,0.906797294743425
"220",22949,3738583904.33333,22949,1.04118958833333,0.787343620066372
"221",22952,332486736.5,22952,0.7685786705,0.57248193975479
"222",22958,3424225478,22958,-1.185824335,0.520115757676131
"223",22959,329783367.5,22959,0.57985536725,0.600160805237359
"224",22960,1710665825.4,22960,-0.0452516737,0.584022870183201
"225",22963,2123968878.02632,22963,0.184406702421053,0.628225349738804
"226",22967,10110303041,22967,-0.154818193,1.00755463884232
"227",22968,1678342710.13333,22968,-0.4717487246,0.544353458264742
"228",22971,424065689,22971,-1.65613301266667,0.643467170735582
"229",22973,297318865.857143,22973,-0.134456939,0.478219973629356
"230",22974,169201182.8,22974,-0.7333881908,0.516922806422767
"231",22976,1111112541,22976,-0.692307956,1.30724644189119
"232",22980,2725838547.375,22980,0.197033292803571,0.601094851354401
"233",22989,1110471381,22989,1.150525475,0.718121334573849
"234",23002,2761260875.16667,23002,-0.00374278216666665,0.664859840647746
"235",23004,1105657531,23004,-0.610090376,0.993144988656877
"236",23005,2598475306.17391,23005,0.260551009565217,0.679772578277304
"237",23009,83760792.7142857,23009,1.36238371757143,0.436886332175619
"238",23011,752633,23011,-1.380445735,0.691360701735969
"239",23015,64755938,23015,-0.1219680705,0.387579607041882
"240",23023,551965437,23023,-0.431246413,0.791822594897059
"241",23024,963222727.428571,23024,0.147345406428571,0.557784082604809
"242",23027,3467624903.66667,23027,0.988371575333333,0.625228970780026
"243",23030,1217388006.77778,23030,-0.516097791666667,0.506251842245469
"244",23035,60758,23035,1.95081714,0.489794190936174
"245",23038,635557156.5,23038,0.198564731,0.694161462569044
"246",23040,5055346914.5,23040,0.0749579174999999,0.539359664831054
"247",23043,4212031155,23043,-0.14475505325,0.750811306818886
"248",23045,1108271181,23045,0.000876246000000004,1.39209670563438
"249",23047,5609445307,23047,0.8104678645,0.700550146456927
"250",23050,230485688,23050,2.296118823,0.409067490892188
"251",23055,2752921018.75,23055,0.08233000175,0.58293479370968
"252",23059,266931592.170732,23059,0.397589266926829,0.553375813724599
"253",23060,615219311.181818,23060,-0.270229147072727,0.592583787952556
"254",23061,1926898247.53333,23061,0.0335965559666667,0.580636513839116
"255",23062,294411,23062,-0.617003282,0.499023128445344
"256",23063,2307431663,23063,-0.7447879388,0.587490756010954
"257",23069,1109277121,23069,1.922242401,0.588738766976216
"258",23070,33653083,23070,-2.139967476,0.423553672868913
"259",23071,1108196141,23071,-0.257965873,0.900247556177226
"260",23072,2862116316.25,23072,-0.385317153958333,0.649485619555746
"261",23075,966011754.6,23075,-0.680426045333333,0.643306353410281
"262",23076,1108142121,23076,-0.176451295,1.03755465995414
"263",23083,1100705101,23083,-0.41633565,1.0040443459225
"264",23084,395474455.25,23084,0.24674255375,0.513777344189847
"265",23086,294141550,23086,0.2738994496,0.574113627814768
"266",23089,111597865,23089,-1.11478158425,0.514673635867287
"267",23092,386445,23092,-1.6750106945,0.589914663350681
"268",23093,1772440686.4,23093,0.262868602466667,0.736490730483086
"269",23102,3110366590,23102,0.847920506714286,0.635371037344718
"270",23103,4405743261.57143,23103,0.946659327142857,0.535066587955472
"271",23106,53161,23106,-0.219499847,0.415075689345186
"272",23109,553172401.5,23109,0.3441088335,0.771840596109219
"273",23111,2206653542.08772,23111,0.290341836754386,0.632511243224431
"274",23112,625457676.578125,23112,-0.211198885140625,0.597920989649989
"275",23113,2464520428.90909,23113,0.148449646613636,0.545614070893121
"276",23114,196226677,23114,0.0430184438,0.530423063255153
"277",23116,647098069.969697,23116,0.442139173666667,0.587080920799914
"278",23117,2611089331.15385,23117,0.0865782734615385,0.677006045152173
"279",23120,310476779.1,23120,0.1494789965,0.560917452878834
"280",23123,5605539159.5,23123,-0.0923267799999999,0.808852510719866
"281",23124,1100444191,23124,0.348019339,1.07853985485243
"282",23126,1106030621,23126,-0.9201647745,0.844498183779148
"283",23128,146252471.5,23128,1.808717278,0.544472600845182
"284",23129,184533467,23129,-0.12425316,0.535566148310446
"285",23130,35038312,23130,1.891684157,0.498217693768162
"286",23138,1103160161,23138,0.818495613,0.936657604795774
"287",23139,1107639387.13333,23139,0.5916855678,0.62554747736164
"288",23140,2612814099.25,23140,0.781886072375,0.52411123454069
"289",23141,1095250192.7,23141,1.1899104055,0.542192532148953
"290",23146,555720804.5,23146,1.028405808,0.724329251515958
"291",23148,1103421571,23148,0.031510801,0.976596560756835
"292",23149,2601630215,23149,-0.485819929,0.567182398486663
"293",23150,2165033359.59259,23150,0.649177534148148,0.603610861854921
"294",23153,15124.5,23153,0.6367881165,0.465799531674536
"295",23156,10110387457,23156,0.448893731,0.722653966702569
"296",23161,33279,23161,-0.161163076,0.400395769035698
"297",23168,2693379620.125,23168,1.09652986175,0.623787612652415
"298",23173,196528624,23173,-0.714765153,0.465431410342094
"299",23175,555169948.5,23175,-0.456676378,0.811377424786814
"300",23176,555514939.5,23176,0.0337464329999999,0.726621658417139
"301",23181,425068220,23181,-1.067028243,0.765157932948226
"302",23185,1155122465.49367,23185,-0.500748168797468,0.573107107998654
"303",23187,104882335.5,23187,-0.9383711565,0.521732274918592
"304",23188,756936251.964286,23188,0.197010560035714,0.542016892569817
"305",23192,447455085.2,23192,0.6615331706,0.641941603554208
"306",23219,370008519.666667,23219,-1.36070696066667,0.704594366459074
"307",23220,2513404907.84615,23220,-1.06177450161538,0.551481475344487
"308",23221,160730497.193548,23221,-1.20765619287097,0.559933920839451
"309",23222,1955508411.9,23222,-1.02309011606667,0.6586085746293
"310",23223,1285606378.29032,23223,-0.863537090403226,0.611564060817232
"311",23224,795101312.767442,23224,-0.498376738744186,0.61457268895704
"312",23225,1502789302.13559,23225,-0.399489247576271,0.610112260950433
"313",23226,1764345059.96875,23226,-0.1492293658125,0.706482833807182
"314",23227,154280211.459459,23227,-0.0880288935675675,0.505996823169479
"315",23228,862466837.328571,23228,0.207043469628571,0.591265963894533
"316",23229,1000154717.10638,23229,-0.00630181470212767,0.518963536568722
"317",23230,506700014.5,23230,-0.3242256211,0.718247828246729
"318",23231,1606537248.24528,23231,-0.427765613226415,0.597746464037348
"319",23233,2068638999.21739,23233,-0.255872366673913,0.615996464390649
"320",23234,1170979774.75,23234,0.1952682346,0.538014384819006
"321",23235,1318941880.51316,23235,-0.111658456078947,0.599247445772161
"322",23236,1656583100.61404,23236,0.179376948017544,0.572785498240777
"323",23237,264155906.16129,23237,-0.14977704383871,0.575365736088057
"324",23238,270808783.590909,23238,-0.146630790545455,0.515775388762311
"325",23284,229474297,23284,0.327882138,0.389971836217609
"326",23294,3615329336.7381,23294,0.00512563247619047,0.609337338643319
"327",23303,109403577.333333,23303,1.18469846866667,0.5094661856712
"328",23304,1110306471,23304,0.735879002,0.863138185020951
"329",23307,71263,23307,-1.754858284,0.568540386392755
"330",23308,184786304,23308,0.952966112333333,0.468118780051895
"331",23310,6332682980.8,23310,-0.2424549202,0.701626086533069
"332",23314,268619990,23314,0.6765124604,0.471256553594618
"333",23316,115223368.5,23316,0.3525606985,0.418291509191628
"334",23320,1372085783.44048,23320,0.120507296297619,0.583966186092991
"335",23321,269018229.931818,23321,-0.209378091068182,0.578520336827668
"336",23322,1239599160.17808,23322,0.452109401958904,0.66822825694817
"337",23323,2278512979.39062,23323,0.1841669095,0.559128514886503
"338",23324,3097264141.79167,23324,-0.455722663666667,0.58618248380045
"339",23325,678652481.466667,23325,-0.103392966666667,0.76154075221827
"340",23336,3094394261.25,23336,0.3448866715,0.760503989837023
"341",23337,583431,23337,0.022083967,0.580228611776679
"342",23347,162454272,23347,-1.310567283,0.548497267757173
"343",23350,3441145737,23350,0.508074621,0.564541109448273
"344",23356,76889547.3333333,23356,2.18590097333333,0.434404845404909
"345",23358,1107291931,23358,-1.437345731,0.949417964417093
"346",23359,538079,23359,-1.586163851,0.580508082086498
"347",23389,1111445961,23389,-1.090566609,0.936948671396282
"348",23395,228936953,23395,0.621538918,0.397368851885573
"349",23401,167080346.181818,23401,0.0154275745454545,0.500702852716874
"350",23404,687629,23404,-1.915432411,0.543155587838741
"351",23405,5609666283,23405,-0.4401186285,0.919935097913218
"352",23407,1110305941,23407,-0.648325719,1.31109979523926
"353",23409,92134446,23409,-0.30556438,0.497126707866006
"354",23413,20686150.6666667,23413,0.671967463,0.518603553095072
"355",23415,632851031.5,23415,0.930978339,0.601222442181321
"356",23416,164789409,23416,-0.163458822,0.497698274697123
"357",23417,4631596591.33333,23417,0.411550047222222,0.670715223733975
"358",23418,161861498,23418,-1.888487089,0.525388934902208
"359",23420,129529828,23420,-2.058614421,0.452299224238318
"360",23421,3473772084.83333,23421,0.7175071465,0.515291339431916
"361",23422,7484,23422,-1.989680635,0.506651012595022
"362",23426,23077,23426,1.559778803,0.491564964483285
"363",23430,1346708281.18182,23430,0.0954195400454545,0.598726364923804
"364",23432,445914400.333333,23432,1.08536971766667,0.621397388022986
"365",23434,2184034430.76923,23434,0.00632421496153846,0.606322975172081
"366",23435,235809040.321429,23435,0.0656702125357143,0.539821262741004
"367",23436,1107676091,23436,0.206330839,1.18307703297572
"368",23437,1652489842.22222,23437,0.149429920444444,0.651581767827214
"369",23438,2543700805.5,23438,1.74820993025,0.55924411297566
"370",23441,98526494.5,23441,1.70896453225,0.459078173142824
"371",23442,1100525041,23442,-1.736506475,0.679009955826659
"372",23451,1862840229.20635,23451,0.0958961476507937,0.607118662158967
"373",23452,1645569503.48077,23452,-0.179218946307692,0.575987262633561
"374",23453,295767944.74359,23453,0.177320348333333,0.561063568924009
"375",23454,1783141678.36,23454,-0.00925466176000001,0.622069125568621
"376",23455,1201448242.5,23455,0.200559813302632,0.578967809744689
"377",23456,2106801608.13158,23456,0.7156626855,0.572765144841449
"378",23457,537942076.8,23457,-0.5547024722,0.700471328553892
"379",23462,934476029.388235,23462,0.0257448948470588,0.571118983040818
"380",23464,1993227584.05435,23464,0.444969861847826,0.607310552223242
"381",23487,1908861817.66667,23487,-0.473410186833333,0.693060928848963
"382",23502,1534563536.26087,23502,-0.546679674869565,0.57586029114968
"383",23503,2006318042.84615,23503,-0.346497554903846,0.551133740238999
"384",23504,3691134994.25,23504,-0.3536993383,0.623807625710752
"385",23505,2810407985.36842,23505,-0.158234791078947,0.591711663373254
"386",23507,467822685.727273,23507,-0.133022360090909,0.705882726779418
"387",23508,287066372.263158,23508,-0.496617361421053,0.559592449110568
"388",23509,227704597.176471,23509,-0.210306708588235,0.547570145014166
"389",23510,443297273,23510,-1.85636214166667,0.552655212384631
"390",23513,2071450783.23729,23513,-0.203912183220339,0.564502554083673
"391",23517,92734616.4444444,23517,0.0698801431111111,0.50438326865871
"392",23518,254892683,23518,0.11511688615625,0.543331689760311
"393",23523,88151771,23523,0.00443654750000003,0.532430581425865
"394",23601,2081172327.2,23601,-0.334470620028571,0.661322847150316
"395",23602,1379856052.51948,23602,0.21994207112987,0.570710028019605
"396",23603,1100822011,23603,0.978874902,0.8008616589581
"397",23604,431421420.666667,23604,-0.876208278666667,0.69966804687148
"398",23605,328165226.875,23605,0.3232708546875,0.589889470556264
"399",23606,1316183678.74074,23606,-0.265869541481482,0.582874885690395
"400",23607,2371470605.67857,23607,-0.1920519515,0.605679797394005
"401",23608,2193596550.88,23608,-0.338017403413333,0.589374070348481
"402",23651,636979135.5,23651,0.761112624,0.460271678444879
"403",23661,205914717.857143,23661,-0.623883743238095,0.538369102954194
"404",23662,1684277112.28571,23662,0.787964944428571,0.613498041672946
"405",23663,361753558.608696,23663,-0.144284065347826,0.620406247996407
"406",23664,340837514.285714,23664,0.377557814642857,0.512665523597662
"407",23665,818478763.666667,23665,-0.308678143,0.760566810215032
"408",23666,1755258118.02083,23666,-0.0825951359791667,0.579143358513442
"409",23668,67286,23668,-1.011361741,0.500691293146278
"410",23669,3550753757.17857,23669,-0.137716799071429,0.668459413703679
"411",23690,53747548.75,23690,0.09608716375,0.523519832977409
"412",23692,545072814.9375,23692,0.450064977125,0.730433016515472
"413",23693,1285197223.92,23693,0.1060956531,0.581208865738185
"414",23696,433584014.666667,23696,1.234312689,0.671866133738125
"415",23701,3039415059.02778,23701,-0.353338543333333,0.617500799451379
"416",23702,531665505.2,23702,-0.0352734912,0.661142922083801
"417",23703,3049020166.32143,23703,-0.218524301875,0.622306750437366
"418",23704,3696401234.76471,23704,-0.491785835294118,0.576724513650276
"419",23707,580264323.538462,23707,-0.289546074692308,0.680758660447994
"420",23709,1105664011,23709,1.221398107,0.819465253314784
"421",23801,114224740,23801,-0.700622505,0.458997839164189
"422",23803,2457260878.2963,23803,-0.457678216,0.623524844307089
"423",23805,265437681.043478,23805,-0.683226646173913,0.580213548257729
"424",23806,81032,23806,-0.60076004,0.44733704393605
"425",23821,68240553.5,23821,-1.103770679,0.524213453051094
"426",23824,2017596868.85714,23824,-0.263537481714286,0.72331606137402
"427",23827,5607825927.5,23827,0.378966252,0.85512119334575
"428",23831,1960162993.86538,23831,0.468137479269231,0.600164467534889
"429",23832,939827054.652174,23832,-0.110003189152174,0.589623824882074
"430",23834,2517093258.70588,23834,0.473324809647059,0.584704211666767
"431",23836,3925352445.07143,23836,0.0729928424285714,0.692289961341733
"432",23837,2805093724.75,23837,-0.0440807400000001,0.65992581411275
"433",23838,99889418.7714286,23838,0.235030755371429,0.509843816948784
"434",23839,10110602138,23839,0.260781868,0.745534792013151
"435",23840,740160546,23840,-1.199394431,0.821068907663258
"436",23841,1690240309.28571,23841,-0.103860702285714,0.548320640091782
"437",23842,3446770113,23842,1.01147348133333,0.479196668837488
"438",23843,229111269,23843,0.643152859,0.528130191270875
"439",23844,162294587,23844,0.325750356,0.496585576789867
"440",23845,1105198571,23845,-0.277483394,1.2618973810621
"441",23846,1110446041,23846,0.689013374,0.93678711525267
"442",23847,1577801920.47059,23847,-0.303316747941176,0.674502096032623
"443",23851,2947181867.3913,23851,0.00649903834782608,0.628267521181063
"444",23856,1103138561,23856,-1.19018577,0.934150959300359
"445",23860,2840686095.67857,23860,-0.104574489714286,0.610736238510727
"446",23866,3138950014.75,23866,0.72441007,0.754989534198578
"447",23867,5137855445.5,23867,0.256227491,0.56077780621524
"448",23868,3584782575,23868,-0.589160935333333,0.65903643218462
"449",23872,2068037816.8,23872,0.8224420274,0.569773914072877
"450",23875,589707341.666667,23875,-0.108448088777778,0.640452367566233
"451",23878,186104327.333333,23878,0.740439878,0.478756167852966
"452",23881,424756597.666667,23881,-1.112624899,0.707416696991553
"453",23882,10110602989,23882,-1.1512418405,0.673649002200254
"454",23883,165070792,23883,-1.365894085,0.549641881609718
"455",23885,1109885411,23885,0.3679685875,0.830413870231243
"456",23888,2584421606,23888,-0.49511649875,0.571271244065945
"457",23889,1111226521,23889,-0.666421401,1.30525051565801
"458",23890,5153293746.5,23890,-0.278918699,0.598835911203736
"459",23898,230531664,23898,-0.948465254,0.454952383264576
"460",23899,1154887941,23899,0.108609627,1.27483117401623
"461",23901,5964347256.35714,23901,0.0625007355714286,0.664440874101231
"462",23917,3960362574.66667,23917,-0.631793044166667,0.751773484433098
"463",23919,5150021811,23919,0.12758805225,0.604757447142245
"464",23920,742216654.6,23920,0.2806489268,0.807221992421094
"465",23922,229341390,23922,-0.955050354,0.344804612685045
"466",23923,1949408893,23923,-0.0689745051666667,0.59898343791694
"467",23924,1708619633.75,23924,-0.2105914565,0.724912685432711
"468",23927,3204763623,23927,-0.711491161571429,0.60925035670655
"469",23930,2778514731,23930,0.06786929925,0.593078552601167
"470",23934,19114,23934,1.177666732,0.492353260634394
"471",23936,281381824.555556,23936,1.28116114433333,0.493967973687995
"472",23937,814601806.333333,23937,0.179051947666667,0.713948311614143
"473",23944,1204474573.66667,23944,-0.899040854916667,0.631848143953222
"474",23947,1896401036.41667,23947,0.196468947416667,0.639686298046701
"475",23950,1818735355.66667,23950,-0.656648673666667,0.533331296139105
"476",23954,3425458574.33333,23954,-0.545139914,0.627166499753826
"477",23958,10110728377,23958,0.943264742,0.791389840700746
"478",23959,323251226.25,23959,0.1496867895,1.18288182558501
"479",23960,422691555.666667,23960,-0.518194219333333,0.575365438189163
"480",23963,1093208,23963,-0.678880961,0.794983488034824
"481",23964,552675794.5,23964,-1.1381475475,0.684006497217786
"482",23966,228306505,23966,0.40820844,0.290983617744725
"483",23967,163335410.5,23967,-0.560607127,0.518426064976647
"484",23970,1938540427.33333,23970,-0.749047515833333,0.667020865641045
"485",23974,2861178684.75,23974,0.0594954265,0.612104473155488
"486",24012,4467292817.85185,24012,0.157910949555556,0.635426080104333
"487",24013,221146106.4,24013,-1.0494557998,0.484627456964287
"488",24014,1708144880.68966,24014,0.310406773793103,0.597169157512083
"489",24015,1758411272.24528,24015,-0.729624222962264,0.606599710484761
"490",24016,175726502.055556,24016,0.159069940833333,0.51037990706612
"491",24017,317466769.133333,24017,-0.151154461733333,0.529423736411306
"492",24018,2117236313.43182,24018,0.248866446522727,0.588861345679195
"493",24019,1155514108.85714,24019,0.490382711171429,0.642174675431524
"494",24020,61766476,24020,-1.479506264,0.584233855711313
"495",24053,2884240410.25,24053,0.44428690525,0.605965097999871
"496",24054,1524424471.77778,24054,-0.371778254333333,0.686412983488696
"497",24055,999299587.2,24055,0.4847508985,0.617669330070793
"498",24058,1110280221,24058,-1.304951634,0.8732926377395
"499",24059,1108954521,24059,-1.359739279,0.836812670504783
"500",24060,3491695541.82143,24060,-0.192549245571429,0.620696728552533
"501",24061,115002270.5,24061,-1.376425652,0.606549294706427
"502",24064,452768823.714286,24064,0.940257383571429,0.526053591271374
"503",24065,1700893757.57143,24065,0.575638947714286,0.56410861773485
"504",24066,2914592413.72727,24066,0.110395915545455,0.559255879691377
"505",24067,108467907.666667,24067,-0.293889152666667,0.586608515753894
"506",24069,304808963.4,24069,0.0642837324,0.567390623478992
"507",24072,228003710,24072,-0.805470023,0.443318265398777
"508",24073,1959631408.375,24073,0.235710933833333,0.602456109728318
"509",24076,184649873,24076,0.007542373,0.518071999241667
"510",24077,500387186.666667,24077,-0.66815377,0.651215393300969
"511",24078,1919257695,24078,1.11330789557143,0.674233459873913
"512",24079,431273526.333333,24079,1.01801637866667,0.593990844095184
"513",24083,65676341.5,24083,0.0704625575,0.503283699728072
"514",24084,1487889392.53333,24084,0.560124757733333,0.548468043188649
"515",24085,475391675.125,24085,1.338048800875,0.629630818412963
"516",24087,2247612989.16667,24087,-0.467036080333333,0.766772862808515
"517",24088,2862330764.55556,24088,0.0387121381111111,0.903379964891948
"518",24089,2355559775.44444,24089,0.617138636444444,0.5454267608173
"519",24090,7860099021.75,24090,0.217212573,0.881295420224358
"520",24091,1989625328.91667,24091,-0.270815129166667,0.720686213778423
"521",24092,101857897.5,24092,-0.6657083245,0.545459542147353
"522",24093,229600385,24093,0.868898634,0.400658750000129
"523",24095,229117042,24095,0.707663228,0.409956557546347
"524",24101,383131318.8,24101,-0.0148871572,0.667762327620236
"525",24102,367478638.333333,24102,-0.0644790016666667,0.655721764033974
"526",24104,1109098721,24104,1.2472762675,0.748714496158187
"527",24105,114342875,24105,1.8344315605,0.469341773831616
"528",24112,1595397762.6087,24112,-0.0776685579347826,0.567883102536874
"529",24120,7623842438.5,24120,-0.14273697225,0.623467208390521
"530",24121,1662523764.71429,24121,0.618165402904762,0.552565562819939
"531",24122,3413584989.66667,24122,0.751721213,0.515813263244836
"532",24124,4296730183.6,24124,0.5303274912,0.588227013605498
"533",24127,1476534221.6,24127,0.309783177,0.651979828929582
"534",24128,1767474389,24128,0.0756851665714286,0.628740826484866
"535",24133,228951772,24133,0.9899118415,0.41576463090589
"536",24134,7140447386,24134,-0.600406166333333,0.817093013578029
"537",24136,2564500413.875,24136,-0.437904321375,0.616642546787326
"538",24137,162468352,24137,0.368171315,0.509208956491886
"539",24138,369640351.666667,24138,0.151028922,0.721751715391624
"540",24141,1907124500.85714,24141,0.174771575321429,0.656240934218875
"541",24147,896694,24147,2.141958538,0.407597551121995
"542",24148,2367692629.86667,24148,-0.2146104346,0.64486189195422
"543",24149,430439170.75,24149,0.14663764675,0.580222105986824
"544",24150,551596596,24150,1.348917654,0.710310633518037
"545",24151,3109694708.54545,24151,0.544312720363636,0.685399081103872
"546",24153,1919561590.66667,24153,0.318246399426667,0.604493269306497
"547",24161,76723473.6666667,24161,0.920876479,0.551319638147056
"548",24165,388482219.666667,24165,0.124554495666667,0.612568405101662
"549",24168,554854542.5,24168,1.154511948,0.617122438339451
"550",24171,1198736177.55556,24171,0.387952957111111,0.502016201324046
"551",24174,19753812,24174,-1.07743472333333,0.542820138591983
"552",24175,2145154085.8,24175,0.933598746666667,0.537413103049646
"553",24176,15668,24176,2.097626086,0.499347936243501
"554",24179,2308599695.12903,24179,0.371909093322581,0.613265356946086
"555",24184,121710723.75,24184,1.186215759125,0.44398653859762
"556",24185,12036,24185,-0.487944837,0.42591206274706
"557",24201,5343059353.87097,24201,-0.16782636216129,0.673438307429935
"558",24202,239857639.875,24202,0.76137374175,0.500959253330414
"559",24210,2844525105.75,24210,0.743506277458333,0.614508539156611
"560",24211,340696329,24211,-0.202625271916667,0.657052269792469
"561",24215,63784933,24215,-0.1180364,0.49858862603696
"562",24216,5608469049.5,24216,-0.463180035,0.811084276136826
"563",24217,1105243751,24217,0.67036926,0.889113930719124
"564",24219,1796888872.64286,24219,0.0854483815714286,0.680345506109272
"565",24224,2110042502.9,24224,0.3818296918,0.569685563045459
"566",24225,1108066181,24225,0.1242524175,0.858837675801351
"567",24226,1103660211,24226,0.633122423,1.05807612923643
"568",24228,4218205043.5,24228,-0.6889664393,0.694975483537899
"569",24230,2659790285,24230,0.917442004941176,0.641309997119395
"570",24236,6288323572,24236,0.17182714,0.804889095453065
"571",24237,5609697553.5,24237,-0.946266137,0.767928980403236
"572",24243,582337449.5,24243,-0.027017858,0.696138353693163
"573",24244,2123363169,24244,0.106924805666667,0.704550015064573
"574",24245,59699018.5,24245,2.1170047185,0.440590368472406
"575",24248,10110518663,24248,1.391343342,0.756548880862415
"576",24250,229045137.5,24250,1.611124913,0.415171448131209
"577",24251,3089657218.16667,24251,-0.0674313583888889,0.645539619483993
"578",24256,10110325445,24256,-0.857491035,0.761826677076757
"579",24258,194963596.5,24258,2.242180095,0.410618850864725
"580",24260,3111649194.25,24260,-0.1307366925,0.839877709667866
"581",24263,3727624339.71429,24263,-0.471778857428571,0.58825744909918
"582",24266,2744664018.375,24266,-0.0128076090625,0.623200294893567
"583",24270,184340547,24270,0.163273566,0.481221015459399
"584",24271,7582927486.5,24271,0.88586324325,0.678097506847639
"585",24273,3260836789,24273,0.0505311521428571,0.683699416986199
"586",24277,3225051644.81818,24277,-0.434358825272727,0.674324044690642
"587",24279,10110552837.5,24279,-1.229198063,0.751287750559911
"588",24280,196831260,24280,0.9975672955,0.506575364153319
"589",24283,453657626.666667,24283,0.741247490166667,0.610009709511624
"590",24290,32762960.4,24290,0.104295733,0.559446485118632
"591",24292,668371121.5,24292,-1.2514629365,0.72939388249415
"592",24293,743166199.095238,24293,-0.0874431138095238,0.598448232928348
"593",24301,2943121602.03846,24301,-0.390327686923077,0.662275530129884
"594",24311,1109156191,24311,-0.472880172,1.02547558991837
"595",24312,500486844.666667,24312,1.28749326966667,0.714115159105161
"596",24313,9329,24313,0.199315269,0.401400425370066
"597",24314,78200696,24314,1.691969543,0.484818644939499
"598",24315,2900727924,24315,1.05617340825,0.682670363338957
"599",24317,4532584804.55556,24317,-0.399059186222222,0.628423842848631
"600",24318,1107078221,24318,1.558232853,0.813238870622268
"601",24319,5332064044.25,24319,-0.166285085416667,0.708707100676642
"602",24324,58596814,24324,0.589691841333333,0.482539409559567
"603",24326,10110483808.5,24326,-0.512262733,0.762738156728001
"604",24328,135792111.5,24328,-0.205189098166667,0.505001299202039
"605",24330,801543978.666667,24330,0.642276076,0.937729010910609
"606",24333,4976233180.33333,24333,0.0447939813809524,0.646605820066054
"607",24340,1819275460.66667,24340,0.554015378833333,0.521159667404935
"608",24343,3526807152.42857,24343,-0.21732801347619,0.618578529890711
"609",24347,635018060.5,24347,0.762308386,0.692567950890176
"610",24348,1562532557.66667,24348,0.166682709444444,0.639565918136562
"611",24350,74099,24350,-0.190282063,0.409780476783155
"612",24351,27936675,24351,1.234452151,0.489914780095216
"613",24352,162010303,24352,-0.373356942,0.284551637080031
"614",24354,1627613166.69565,24354,0.529873543,0.622076540039674
"615",24360,2318955021.3,24360,-0.0056605293,0.687138929039445
"616",24361,5470372730.66667,24361,0.403132296666667,0.787241781683787
"617",24363,5055274196,24363,-0.6583474815,0.579388271525602
"618",24368,4362993054.57143,24368,-0.219751928571429,0.676184565517078
"619",24370,3104659698.42857,24370,0.172250633428571,0.668798529272839
"620",24374,5610460310,24374,1.224130579,0.698739558768363
"621",24375,2320717381.4,24375,-0.1793935536,0.550108197610724
"622",24377,195648231,24377,2.128543938,0.480194542023292
"623",24380,229037304.666667,24380,0.423739344333333,0.419607395646074
"624",24381,554393309,24381,-0.2265916085,0.760664095525198
"625",24382,2062394503.5,24382,0.316692329708333,0.679466302171442
"626",24401,1949919139.25862,24401,0.0757980640862069,0.658851588650402
"627",24412,56800318,24412,2.039942638,0.612586132937412
"628",24416,3878783388.29412,24416,0.750027439882353,0.66894794174283
"629",24421,585587622,24421,0.1815848465,0.673499456144385
"630",24422,5994532389,24422,-0.805925336428571,0.689786616268869
"631",24426,3045384989.04,24426,0.77228862324,0.576143031650503
"632",24430,61857428.3333333,24430,-0.587021161333333,0.461795788968046
"633",24431,354513077.75,24431,0.258244863,0.446527237561605
"634",24433,195403573,24433,1.4739937715,0.438979426728931
"635",24437,10110620994,24437,1.104042771,0.829994204720431
"636",24439,554323497.5,24439,-1.1687253825,0.862801433434132
"637",24440,389574008.333333,24440,0.415746407666667,0.729924908344842
"638",24441,2698546914.66667,24441,0.511552354444444,0.644280455344372
"639",24445,4107263302.66667,24445,-0.290172817666667,0.848064700746342
"640",24448,1110660181,24448,1.166666961,0.760284121090283
"641",24450,1095823020.65385,24450,-0.436875054153846,0.61811537250243
"642",24457,459484.5,24457,0.6845155145,0.454959555818591
"643",24459,1111784641,24459,-0.322890367,1.03290988356201
"644",24460,364535783.25,24460,-0.03042573625,0.742628619852834
"645",24465,10110578113.5,24465,-0.900900598,1.02978229375442
"646",24467,500310640.333333,24467,1.921905922,0.62115684003742
"647",24471,642887642.5,24471,0.826446441,0.712735152427689
"648",24472,5605774065.5,24472,-1.4646501795,0.756788450340794
"649",24473,10110717615,24473,1.758023444,0.641679972285816
"650",24477,3217530895.92857,24477,0.183832727642857,0.732419079924496
"651",24479,362755396.75,24479,-0.67839111075,0.614892405536612
"652",24482,1959189440.18182,24482,-0.235465380545455,0.669972824410877
"653",24486,389256738,24486,0.6966081865,0.6679096457478
"654",24487,1109042551,24487,0.486114716,1.26120024545554
"655",24501,3730720857.05405,24501,-0.0229112027027027,0.629519906238906
"656",24502,1743206391.65,24502,0.560281024925,0.640250875321141
"657",24503,2074536651.72414,24503,0.38958999462069,0.67641077040743
"658",24504,672702546,24504,0.0709208388888889,0.697263411958374
"659",24517,3803906773.33333,24517,1.0932072515,0.714848777643783
"660",24520,64046,24520,-0.584058898,0.445611602963034
"661",24521,3098320302.14286,24521,-0.255405575428571,0.62113568221972
"662",24522,1713773409.26667,24522,0.4796258392,0.578489376285373
"663",24523,2726692930,24523,-0.111454811095238,0.66609864593153
"664",24526,4110062797.66667,24526,1.43073908133333,0.857715222878605
"665",24527,97391478.75,24527,0.5749295165,0.490549393075246
"666",24528,5294574765.33333,24528,0.117203642,0.873235986782549
"667",24529,162849274,24529,0.116771545,0.485119158459103
"668",24531,4415747621.2,24531,0.5006157921,0.86095272067493
"669",24534,631336024.5,24534,-0.4867239435,0.714043843345128
"670",24536,1109489521,24536,-1.430889461,0.924931399230701
"671",24538,2147796750.28571,24538,1.27462774557143,0.758947374766639
"672",24539,1100344441,24539,1.21375189,0.780343779935047
"673",24540,1947646023.35135,24540,0.403106977783784,0.69251434829657
"674",24541,4137431916.77778,24541,-0.131893343574074,0.649467893174914
"675",24549,4697189375.42857,24549,0.329279719,0.894321758937967
"676",24550,135374930.285714,24550,0.443214048857143,0.501745155248305
"677",24551,1887899174.80952,24551,0.706196829714286,0.624145472995682
"678",24553,3738782602,24553,0.648779218333333,0.809750111713023
"679",24554,1469619026.75,24554,1.498080171875,0.593904912179163
"680",24555,1104984556,24555,-1.037074326,0.820789884979664
"681",24556,445866892.333333,24556,0.198269151333333,0.549035918848813
"682",24557,1185211486.16667,24557,0.554848163666667,0.624514523056581
